client_id,campaign_id,total_spend,total_clicks,total_impressions
C101,E001,0.0,0,0
C101,E27435,0.0,0,0
C101,E29081,0.0,0,0
C101,E32934,0.0,0,0
C101,E35098,0.0,0,0
C101,E35786,0.0,0,0
C101,E36437,0.0,0,0
C101,E36586,0.0,0,0
C101,E40191,0.0,0,0
C101,E40953,0.0,0,0
C101,E42414,0.0,0,0
C101,E50481,0.0,0,0
C101,E50800,0.0,0,0
C101,E51693,0.0,0,0
C101,E53674,0.0,0,0
C101,E55971,0.0,0,0
C101,E56559,0.0,0,0
C101,E56876,0.0,0,0
C101,E58800,0.0,0,0
C101,E62752,0.0,0,0
C101,E67358,0.0,0,0
C101,E71718,0.0,0,0
C101,E71763,0.0,0,0
C101,E75714,0.0,0,0
C101,E77806,0.0,0,0
C101,E78879,0.0,0,0
C101,E81749,0.0,0,0
C101,E83730,0.0,0,0
C101,E84891,0.0,0,0
C101,E86267,0.0,0,0
C101,E90374,0.0,0,0
C101,E94135,0.0,0,0
C101,E95943,0.0,0,0
C101,E97861,0.0,0,0
C101,E98611,0.0,0,0
C101,E99997,0.0,0,0
C101,FB001,5119.219999999999,2094,110558
C101,FB11528,4281.74,1809,108453
C101,FB14212,1105.77,923,43264
C101,FB15800,2941.64,1907,126520
C101,FB18274,2980.65,1381,66454
C101,FB18391,2672.62,1281,57443
C101,FB27428,3346.1,1448,82784
C101,FB28531,1446.6,442,15028
C101,FB30709,1712.93,919,64732
C101,FB34361,2014.66,738,46494
C101,FB36462,6122.93,2439,117098
C101,FB37776,7543.51,2759,145777
C101,FB39841,780.39,233,8155
C101,FB45204,975.61,531,33518
C101,FB53434,2065.56,839,55958
C101,FB56567,2271.0099999999998,1525,75887
C101,FB58386,2384.18,1254,96060
C101,FB59573,440.08,178,8900
C101,FB65802,3899.2200000000003,1995,114433
C101,FB66197,1422.93,696,54288
C101,FB68355,2330.55,934,48640
C101,FB69709,3910.0,1327,63271
C101,FB72874,2732.01,850,55075
C101,FB74354,2760.78,1351,59454
C101,FB81797,930.05,670,20330
C101,FB90473,1259.03,868,34248
C101,FB91068,4627.91,1644,113263
C101,FB98410,1040.46,368,22681
C101,FB98490,4242.18,1854,72796
C101,FB98609,1207.7,592,30784
C101,G001,4108.4800000000005,2508,68326
C101,G15202,5708.67,2897,97516
C101,G20581,1739.3,931,45682
C101,G24123,2035.5,776,27160
C101,G26665,4941.5,1999,78883
C101,G28363,1133.08,586,33402
C101,G29318,5912.15,3825,175190
C101,G30908,1090.6100000000001,415,5358
C101,G40828,9209.460000000001,4935,195789
C101,G43343,6665.0,4314,142617
C101,G44202,868.02,718,43798
C101,G46454,784.92,373,14547
C101,G47257,1286.2,1195,41572
C101,G47312,510.11,305,14640
C101,G48211,2701.93,1083,38412
C101,G49337,372.45,319,10208
C101,G52546,5898.74,2801,87704
C101,G52805,1783.7,775,43217
C101,G52944,2738.33,3129,110282
C101,G61447,587.48,381,11807
C101,G66668,1311.77,996,42993
C101,G67161,2762.19,1398,64150
C101,G69984,15627.4,8793,352406
C101,G73354,3050.36,1370,76526
C101,G75203,487.64,719,13661
C101,G76811,751.78,312,13782
C101,G77568,47.14,21,525
C101,G79119,5108.2300000000005,2179,107588
C101,G80041,1288.73,654,17658
C101,G85113,5305.73,2376,78302
C101,G85660,8650.36,5546,273048
C101,G86926,5654.54,2367,101616
C101,G87714,5271.3,2897,125646
C101,Unknown,0.0,0,0
C102,E002,0.0,0,0
C102,E10687,0.0,0,0
C102,E14211,0.0,0,0
C102,E15279,0.0,0,0
C102,E17158,0.0,0,0
C102,E25756,0.0,0,0
C102,E28650,0.0,0,0
C102,E29072,0.0,0,0
C102,E29752,0.0,0,0
C102,E34357,0.0,0,0
C102,E35308,0.0,0,0
C102,E36582,0.0,0,0
C102,E38308,0.0,0,0
C102,E45039,0.0,0,0
C102,E45361,0.0,0,0
C102,E46836,0.0,0,0
C102,E52007,0.0,0,0
C102,E53075,0.0,0,0
C102,E54208,0.0,0,0
C102,E60901,0.0,0,0
C102,E61453,0.0,0,0
C102,E64920,0.0,0,0
C102,E66414,0.0,0,0
C102,E73581,0.0,0,0
C102,E74019,0.0,0,0
C102,E74477,0.0,0,0
C102,E75391,0.0,0,0
C102,E76421,0.0,0,0
C102,E84723,0.0,0,0
C102,FB11660,1406.0900000000001,638,45126
C102,FB16795,2072.68,1272,79412
C102,FB23970,814.03,485,12125
C102,FB25349,5026.0199999999995,1735,67286
C102,FB25834,148.91,93,4872
C102,FB26113,8486.76,3395,129186
C102,FB26191,1944.67,732,27816
C102,FB26199,1059.2,501,23547
C102,FB32159,244.56,106,7208
C102,FB33885,3689.7300000000005,1255,50610
C102,FB37736,1451.03,640,46080
C102,FB39226,4876.12,2907,153202
C102,FB39880,93.3,53,2862
C102,FB42407,2135.48,733,37839
C102,FB42560,572.09,469,12194
C102,FB42786,1731.14,731,36550
C102,FB43185,1247.18,739,24868
C102,FB44189,1282.2,1086,49369
C102,FB46395,685.25,707,28987
C102,FB47625,3667.88,1219,63539
C102,FB48017,6076.56,1778,122608
C102,FB50849,3135.29,1123,51882
C102,FB50966,1719.62,633,23668
C102,FB61001,1019.46,661,38999
C102,FB63213,3358.5,1255,57664
C102,FB63661,736.26,724,57196
C102,FB63851,4779.3,2383,111195
C102,FB65402,2130.77,1002,44966
C102,FB69816,1680.81,651,18228
C102,FB73092,664.76,420,13020
C102,FB73484,2114.6,981,34479
C102,FB75902,568.08,178,6230
C102,FB80314,512.53,177,8496
C102,FB82880,180.94,91,5733
C102,FB83227,764.61,549,36234
C102,FB85270,1076.97,661,25779
C102,FB86225,1422.67,973,64886
C102,FB89482,2781.86,1547,77446
C102,FB91241,3338.51,1057,78454
C102,FB96845,2642.41,1586,84162
C102,FB96977,1553.01,949,34450
C102,FB99171,1479.62,427,15799
C102,G002,6616.25,3887,163672
C102,G10909,6931.08,4197,195281
C102,G12813,2237.4900000000002,1759,84064
C102,G16686,1407.55,837,33388
C102,G16866,2478.74,1456,29167
C102,G18214,5218.19,2145,84357
C102,G21144,128.98,111,4107
C102,G24274,6936.37,3945,146641
C102,G25066,3080.1,1123,49921
C102,G25690,436.49,301,17157
C102,G28716,2732.5099999999998,1729,50869
C102,G30251,2590.44,1435,64387
C102,G31082,1813.49,1160,26436
C102,G32973,4668.62,2247,59730
C102,G35542,571.31,277,3878
C102,G37093,4051.2999999999997,1990,44756
C102,G38592,725.53,264,3960
C102,G40235,1734.2600000000002,731,38751
C102,G40861,379.26,470,32900
C102,G41460,2911.91,1344,33504
C102,G46019,4175.35,1912,119374
C102,G46413,1853.0500000000002,1068,45670
C102,G49476,982.75,686,22638
C102,G52775,5780.27,3245,157893
C102,G55742,1974.21,1449,58247
C102,G57745,3496.03,2052,110792
C102,G57864,1499.05,899,27825
C102,G64421,3283.32,1317,51891
C102,G64611,571.12,456,15504
C102,G64933,455.04,472,14160
C102,G66419,7507.91,4472,175307
C102,G70623,4213.78,2552,83631
C102,G71015,2858.57,1316,47268
C102,G74313,5145.0,2023,90056
C102,G74996,819.27,427,10248
C102,G81026,3628.1899999999996,1695,63477
C102,G84791,523.24,843,36249
C102,G87935,739.39,529,36501
C102,G92096,8575.470000000001,4715,231015
C102,G92831,1140.03,688,48160
C102,G92903,1079.1799999999998,700,33425
C102,G97179,4575.27,1951,62154
C102,G97276,3445.63,1219,55074
C102,G98725,5263.62,2752,121740
C102,Unknown,0.0,0,0
C103,E003,0.0,0,0
C103,E10254,0.0,0,0
C103,E10582,0.0,0,0
C103,E11987,0.0,0,0
C103,E12549,0.0,0,0
C103,E19647,0.0,0,0
C103,E20169,0.0,0,0
C103,E23265,0.0,0,0
C103,E26263,0.0,0,0
C103,E27483,0.0,0,0
C103,E28718,0.0,0,0
C103,E30475,0.0,0,0
C103,E31334,0.0,0,0
C103,E32337,0.0,0,0
C103,E34840,0.0,0,0
C103,E35642,0.0,0,0
C103,E36176,0.0,0,0
C103,E36331,0.0,0,0
C103,E39578,0.0,0,0
C103,E40111,0.0,0,0
C103,E40298,0.0,0,0
C103,E43659,0.0,0,0
C103,E45784,0.0,0,0
C103,E45920,0.0,0,0
C103,E47134,0.0,0,0
C103,E47355,0.0,0,0
C103,E51958,0.0,0,0
C103,E52750,0.0,0,0
C103,E56780,0.0,0,0
C103,E57428,0.0,0,0
C103,E57696,0.0,0,0
C103,E58172,0.0,0,0
C103,E64504,0.0,0,0
C103,E66367,0.0,0,0
C103,E70329,0.0,0,0
C103,E70526,0.0,0,0
C103,E70534,0.0,0,0
C103,E70920,0.0,0,0
C103,E71558,0.0,0,0
C103,E75931,0.0,0,0
C103,E76523,0.0,0,0
C103,E78393,0.0,0,0
C103,E80781,0.0,0,0
C103,E81889,0.0,0,0
C103,E83023,0.0,0,0
C103,E84504,0.0,0,0
C103,E85588,0.0,0,0
C103,E85948,0.0,0,0
C103,E86465,0.0,0,0
C103,E90720,0.0,0,0
C103,E94837,0.0,0,0
C103,E95089,0.0,0,0
C103,E95621,0.0,0,0
C103,FB002,4156.24,1859,96467
C103,FB11390,2936.11,1584,86108
C103,FB17785,2911.04,1777,94281
C103,FB17968,6722.72,2603,105056
C103,FB18024,1385.99,519,32697
C103,FB24924,2826.62,1290,77105
C103,FB31180,2164.13,869,50614
C103,FB32748,1722.35,682,44330
C103,FB38338,490.23,453,15402
C103,FB41592,381.36,263,15780
C103,FB43187,4476.45,1877,93985
C103,FB44464,6376.98,2284,127958
C103,FB44619,2175.71,1498,49313
C103,FB46510,540.11,166,13280
C103,FB48623,1275.1,400,17775
C103,FB48647,1681.33,1476,56768
C103,FB49678,2125.71,1410,91375
C103,FB53165,1800.81,790,30810
C103,FB56884,1300.61,771,31188
C103,FB57745,2139.0,785,60445
C103,FB68588,2236.38,780,46800
C103,FB70095,643.05,280,7455
C103,FB73868,10385.050000000001,4621,266241
C103,FB77059,927.0300000000001,630,21860
C103,FB81607,4311.7300000000005,2162,112338
C103,FB82864,3277.53,1578,87199
C103,FB83008,378.21,300,11700
C103,FB83086,358.83,268,9112
C103,FB94270,2260.61,1019,50922
C103,FB95830,2587.46,1233,40129
C103,FB97259,953.0,674,15502
C103,G003,25110.75,12905,527511
C103,G12605,1416.05,526,15254
C103,G13375,1999.5,1231,59763
C103,G20172,723.15,600,34800
C103,G20325,885.43,935,19635
C103,G24009,1158.69,757,9841
C103,G24732,2186.6,1399,72528
C103,G30398,8956.369999999999,4139,166244
C103,G30921,3232.18,1185,29794
C103,G32160,355.34000000000003,367,14909
C103,G41135,784.99,754,29406
C103,G42134,4717.78,1798,58611
C103,G47665,2447.2200000000003,1420,81811
C103,G51390,3438.41,2186,80984
C103,G59637,3211.04,1514,37945
C103,G60682,60.91,90,5670
C103,G63697,6078.53,4253,145724
C103,G67429,2066.27,1589,64764
C103,G68641,943.86,982,36724
C103,G70243,3634.96,1619,77413
C103,G70658,2746.6000000000004,1131,36572
C103,G71865,1091.43,370,18870
C103,G84742,164.35,201,3618
C103,G90746,14191.58,8258,231444
C103,G94359,3109.36,2072,111844
C103,G96606,5454.97,3176,129892
C103,Unknown,0.0,0,0
C104,E10239,0.0,0,0
C104,E10471,0.0,0,0
C104,E10711,0.0,0,0
C104,E11018,0.0,0,0
C104,E13188,0.0,0,0
C104,E15746,0.0,0,0
C104,E15906,0.0,0,0
C104,E18468,0.0,0,0
C104,E19750,0.0,0,0
C104,E20627,0.0,0,0
C104,E22257,0.0,0,0
C104,E26544,0.0,0,0
C104,E26861,0.0,0,0
C104,E27421,0.0,0,0
C104,E27453,0.0,0,0
C104,E32234,0.0,0,0
C104,E37757,0.0,0,0
C104,E42449,0.0,0,0
C104,E43213,0.0,0,0
C104,E50992,0.0,0,0
C104,E51866,0.0,0,0
C104,E52456,0.0,0,0
C104,E53020,0.0,0,0
C104,E58041,0.0,0,0
C104,E58457,0.0,0,0
C104,E64371,0.0,0,0
C104,E67193,0.0,0,0
C104,E71791,0.0,0,0
C104,E71858,0.0,0,0
C104,E72496,0.0,0,0
C104,E79475,0.0,0,0
C104,E81809,0.0,0,0
C104,E81966,0.0,0,0
C104,E85659,0.0,0,0
C104,E88837,0.0,0,0
C104,E89752,0.0,0,0
C104,E90012,0.0,0,0
C104,E99673,0.0,0,0
C104,FB14852,864.44,542,35032
C104,FB15371,3992.84,1663,78500
C104,FB15639,2588.31,778,39475
C104,FB17214,1049.58,473,12298
C104,FB20923,2227.21,1109,43180
C104,FB32982,232.89,150,9450
C104,FB35865,517.3,169,4732
C104,FB37308,2099.71,1156,41563
C104,FB38337,1240.66,910,39184
C104,FB42644,2355.64,692,15224
C104,FB46438,2030.52,1252,77455
C104,FB50669,469.58,155,8835
C104,FB51597,2451.23,1311,87096
C104,FB54759,2862.07,1119,66272
C104,FB55535,860.29,259,11914
C104,FB59440,8102.05,3843,190516
C104,FB61045,3390.4300000000003,1280,48844
C104,FB62571,2225.08,1002,58194
C104,FB63049,364.35,115,5290
C104,FB69753,2269.69,1347,43291
C104,FB74175,2331.61,988,62921
C104,FB78933,720.43,349,21289
C104,FB82470,696.0699999999999,438,9956
C104,FB84451,2033.66,774,45005
C104,FB85790,510.99,161,3864
C104,FB86056,3010.16,1591,102089
C104,FB86885,2553.05,1059,60792
C104,FB86955,657.66,330,26070
C104,FB87605,3203.41,1205,61423
C104,FB88225,1419.1799999999998,605,27091
C104,FB91455,163.24,91,6825
C104,FB93615,3761.8999999999996,1506,68355
C104,FB93752,868.31,249,16683
C104,FB96736,5599.110000000001,2582,159313
C104,FB99064,5781.58,1788,100905
C104,G13130,3166.39,1876,71264
C104,G15044,144.9,97,3007
C104,G18071,2962.92,1164,66236
C104,G20628,978.6800000000001,771,21167
C104,G20655,4542.16,2676,106397
C104,G31067,2336.86,1066,44728
C104,G34335,4088.07,2679,92522
C104,G36582,4836.77,2854,146726
C104,G37104,3030.63,1663,53949
C104,G37186,7211.42,3949,158712
C104,G38985,347.78,529,12167
C104,G42311,1622.94,1308,62532
C104,G44350,8417.07,5653,245409
C104,G46989,1125.55,566,38488
C104,G51381,2678.72,1144,32347
C104,G52958,2744.76,1714,68164
C104,G53781,3605.85,1792,65303
C104,G60222,3373.3199999999997,1712,76345
C104,G67087,3243.36,1810,28184
C104,G68285,2829.37,2185,88383
C104,G74485,2773.05,2457,69583
C104,G75231,7949.35,5035,185657
C104,G77461,5060.98,2023,80400
C104,G80635,1325.15,859,33501
C104,G82233,1568.12,1277,29455
C104,G85526,7156.79,4189,180322
C104,G85911,3224.16,1367,55380
C104,G86118,3516.2200000000003,2792,132820
C104,G87125,8180.96,4341,149311
C104,G92610,2828.13,994,23856
C104,G96698,51.52,65,3315
C104,G97849,4511.79,2562,142749
C104,Unknown,0.0,0,0
C105,E12763,0.0,0,0
C105,E13283,0.0,0,0
C105,E13303,0.0,0,0
C105,E19514,0.0,0,0
C105,E21620,0.0,0,0
C105,E21676,0.0,0,0
C105,E31266,0.0,0,0
C105,E32441,0.0,0,0
C105,E35347,0.0,0,0
C105,E37907,0.0,0,0
C105,E41133,0.0,0,0
C105,E42554,0.0,0,0
C105,E43099,0.0,0,0
C105,E44226,0.0,0,0
C105,E48544,0.0,0,0
C105,E51391,0.0,0,0
C105,E56791,0.0,0,0
C105,E59122,0.0,0,0
C105,E59291,0.0,0,0
C105,E60610,0.0,0,0
C105,E65329,0.0,0,0
C105,E66161,0.0,0,0
C105,E68856,0.0,0,0
C105,E70653,0.0,0,0
C105,E71065,0.0,0,0
C105,E72545,0.0,0,0
C105,E72655,0.0,0,0
C105,E73386,0.0,0,0
C105,E76073,0.0,0,0
C105,E79925,0.0,0,0
C105,E82026,0.0,0,0
C105,E82036,0.0,0,0
C105,E83912,0.0,0,0
C105,E84303,0.0,0,0
C105,E87401,0.0,0,0
C105,E89455,0.0,0,0
C105,E90654,0.0,0,0
C105,E95531,0.0,0,0
C105,E99243,0.0,0,0
C105,FB12062,556.61,217,16275
C105,FB13162,2581.93,814,17834
C105,FB13343,1890.94,695,31970
C105,FB13579,1208.81,442,23358
C105,FB17878,4150.67,1715,77515
C105,FB20506,1908.3999999999999,712,27324
C105,FB20796,2704.45,995,67470
C105,FB21896,1633.42,535,21064
C105,FB21950,5749.52,2218,122249
C105,FB26138,7492.14,3762,201036
C105,FB27493,752.07,292,20440
C105,FB30899,3753.45,2208,132551
C105,FB33557,1909.9,666,16650
C105,FB34552,1924.6399999999999,714,18370
C105,FB36388,2452.2,777,55944
C105,FB36743,643.14,366,20862
C105,FB36800,2902.2400000000002,1126,27883
C105,FB37390,1128.93,576,16704
C105,FB37981,3012.79,1069,68501
C105,FB43559,1360.09,404,18988
C105,FB44629,1125.76,581,15687
C105,FB44936,365.58,312,7176
C105,FB49967,2476.96,1056,56058
C105,FB50552,1701.07,1438,70252
C105,FB58797,2830.6499999999996,922,46271
C105,FB58832,149.48,72,3600
C105,FB60345,1223.93,795,37365
C105,FB60471,1076.36,416,28810
C105,FB60905,16766.85,6130,347277
C105,FB63038,1034.79,599,20874
C105,FB63774,2049.91,885,31637
C105,FB64414,3709.1899999999996,1548,71444
C105,FB68316,987.66,658,19082
C105,FB69738,3080.7400000000002,970,74078
C105,FB71300,2387.56,1423,74663
C105,FB72581,2429.39,1041,81863
C105,FB73260,3592.0699999999997,1590,87550
C105,FB78856,160.12,98,3038
C105,FB82928,1205.51,950,53888
C105,FB82999,608.49,288,18328
C105,FB86961,1022.16,612,26556
C105,FB91846,2331.38,1325,72834
C105,FB93510,1795.0500000000002,1118,64994
C105,FB94389,412.22,261,6003
C105,FB96120,980.49,356,23852
C105,FB99825,1333.03,417,25020
C105,G10516,1736.69,1368,46170
C105,G13506,9657.5,5422,223995
C105,G14214,3200.2200000000003,1871,79244
C105,G15767,1278.86,744,38688
C105,G18135,2210.18,741,39273
C105,G27411,2312.64,889,27559
C105,G27599,1247.16,619,25998
C105,G37892,2015.19,951,58962
C105,G38591,1987.6999999999998,1249,64935
C105,G38751,1736.24,944,63248
C105,G40214,1432.81,569,25605
C105,G40712,1680.79,1575,57549
C105,G41096,91.26,46,1748
C105,G42744,3393.0499999999997,1341,32304
C105,G42833,8557.42,3391,100621
C105,G43976,5574.4400000000005,2896,127861
C105,G44163,2937.8,1569,46167
C105,G46636,2503.88,866,29721
C105,G48604,1221.46,466,30290
C105,G50327,5024.09,2868,123560
C105,G50605,9924.16,6777,238048
C105,G56765,639.5,634,23846
C105,G57009,328.11,355,11715
C105,G58757,873.59,789,27615
C105,G59604,5254.55,4004,176044
C105,G61117,1152.46,985,35859
C105,G62784,1220.1,584,12848
C105,G64344,2415.04,1986,87470
C105,G70192,3487.29,1502,90448
C105,G72055,2776.2400000000002,1841,109882
C105,G74478,4658.91,2244,107205
C105,G74766,7218.19,3081,70823
C105,G76640,1275.92,712,33968
C105,G77398,751.0799999999999,352,22616
C105,G78160,2131.56,1111,46560
C105,G78419,2162.53,945,48195
C105,G79581,4908.34,2365,110565
C105,G81481,4405.48,1865,93784
C105,G85812,1737.82,845,27910
C105,G87179,2088.23,1542,54504
C105,G87660,3171.19,1381,52800
C105,G87898,841.56,411,22626
C105,G89067,4602.549999999999,2525,106743
C105,G91859,308.2,498,24402
C105,G93032,581.83,910,26390
C105,G93606,123.72,74,3256
C105,G94026,6226.76,3775,139131
C105,G96528,951.6700000000001,584,27488
C105,G98428,2616.83,1080,29520
C105,G99178,2814.5699999999997,1173,59342
C105,Unknown,0.0,0,0
C106,E10071,0.0,0,0
C106,E20579,0.0,0,0
C106,E24308,0.0,0,0
C106,E26238,0.0,0,0
C106,E29379,0.0,0,0
C106,E32933,0.0,0,0
C106,E33931,0.0,0,0
C106,E34372,0.0,0,0
C106,E36089,0.0,0,0
C106,E40450,0.0,0,0
C106,E41914,0.0,0,0
C106,E43775,0.0,0,0
C106,E46470,0.0,0,0
C106,E47909,0.0,0,0
C106,E48371,0.0,0,0
C106,E52142,0.0,0,0
C106,E52228,0.0,0,0
C106,E52305,0.0,0,0
C106,E54411,0.0,0,0
C106,E58805,0.0,0,0
C106,E59117,0.0,0,0
C106,E59596,0.0,0,0
C106,E59734,0.0,0,0
C106,E59976,0.0,0,0
C106,E62150,0.0,0,0
C106,E62515,0.0,0,0
C106,E68976,0.0,0,0
C106,E70055,0.0,0,0
C106,E70317,0.0,0,0
C106,E71997,0.0,0,0
C106,E77708,0.0,0,0
C106,E78248,0.0,0,0
C106,E80184,0.0,0,0
C106,E84685,0.0,0,0
C106,E86024,0.0,0,0
C106,E87065,0.0,0,0
C106,E87167,0.0,0,0
C106,E95908,0.0,0,0
C106,E96070,0.0,0,0
C106,E97928,0.0,0,0
C106,E98831,0.0,0,0
C106,E99353,0.0,0,0
C106,FB11558,2101.5,1253,53769
C106,FB14118,1265.39,935,36982
C106,FB16399,1901.29,879,37670
C106,FB23480,1815.5,529,15870
C106,FB24921,2475.58,1467,94227
C106,FB29768,3456.21,1434,70888
C106,FB34149,2240.8,679,50246
C106,FB34759,351.3,313,24727
C106,FB37729,530.36,468,21996
C106,FB38976,297.29,148,8288
C106,FB42176,4293.639999999999,1433,73553
C106,FB42611,7416.09,3856,169662
C106,FB43181,875.38,673,49802
C106,FB46556,194.56,135,4185
C106,FB48468,172.19,108,7992
C106,FB54661,1439.21,661,22845
C106,FB56211,4073.8599999999997,1434,68591
C106,FB56918,4035.69,1408,71100
C106,FB58843,1037.54,546,38560
C106,FB61453,1403.48,672,44780
C106,FB62224,196.26999999999998,82,4512
C106,FB68670,778.81,472,31624
C106,FB69177,1211.35,781,15620
C106,FB69425,1164.1999999999998,786,59914
C106,FB69514,2566.92,1156,65232
C106,FB72097,2279.1800000000003,1134,49365
C106,FB75389,3771.23,1368,86253
C106,FB76816,90.58,57,3648
C106,FB78200,1883.5900000000001,670,30445
C106,FB79298,1211.21,904,42512
C106,FB80150,1780.78,513,29754
C106,FB80726,649.72,194,14550
C106,FB85162,49.23,34,1870
C106,FB87267,1891.3000000000002,1045,67822
C106,FB88746,1209.12,450,24300
C106,FB88932,2583.86,1118,49248
C106,FB89027,9282.76,3585,113830
C106,FB90574,2359.2799999999997,978,59102
C106,FB93099,268.26,79,2449
C106,FB96920,6560.01,3023,199720
C106,G11140,662.11,398,9836
C106,G14467,5323.57,3665,146765
C106,G17292,4453.8,2503,126495
C106,G19892,2692.52,1162,46920
C106,G20094,4029.54,2402,99426
C106,G21159,381.96,591,24822
C106,G21556,2992.19,1551,50332
C106,G26921,5081.1,2784,130265
C106,G27502,5130.98,2502,109702
C106,G28612,1142.43,437,26657
C106,G30182,504.78,348,14964
C106,G34013,1773.68,784,29792
C106,G36606,10267.36,5233,179797
C106,G38513,2507.15,1824,61502
C106,G40060,4447.360000000001,3144,140313
C106,G40470,4391.83,2842,89857
C106,G42919,93.41,62,2976
C106,G43135,5393.04,2846,132263
C106,G46665,150.8,123,4428
C106,G52683,2044.98,949,27055
C106,G57941,6376.35,3267,100285
C106,G59518,185.08,204,7752
C106,G60937,1291.71,521,33865
C106,G61940,524.46,542,10840
C106,G66597,3273.53,1571,59763
C106,G72251,2953.1800000000003,1514,56574
C106,G73614,343.68,476,18088
C106,G77076,3557.12,1500,69464
C106,G78089,2870.27,1359,41046
C106,G78766,6055.7,2880,139766
C106,G80530,3376.54,1174,42049
C106,G81082,3863.54,2306,119525
C106,G81600,129.19,91,1456
C106,G84727,1971.52,1282,19737
C106,G86558,220.28,76,4408
C106,G87541,969.55,842,28631
C106,G89902,3664.8200000000006,1584,83438
C106,G92202,905.15,743,35812
C106,G92877,3435.3999999999996,1434,55650
C106,G92956,9763.49,5555,171928
C106,G92979,2727.75,2643,90806
C106,G97278,3865.6000000000004,2292,108953
C106,Unknown,0.0,0,0
C107,E12934,0.0,0,0
C107,E17362,0.0,0,0
C107,E19159,0.0,0,0
C107,E22562,0.0,0,0
C107,E25215,0.0,0,0
C107,E25902,0.0,0,0
C107,E27221,0.0,0,0
C107,E28198,0.0,0,0
C107,E29547,0.0,0,0
C107,E33820,0.0,0,0
C107,E35560,0.0,0,0
C107,E35946,0.0,0,0
C107,E36562,0.0,0,0
C107,E38600,0.0,0,0
C107,E39107,0.0,0,0
C107,E39260,0.0,0,0
C107,E42713,0.0,0,0
C107,E43279,0.0,0,0
C107,E43843,0.0,0,0
C107,E46305,0.0,0,0
C107,E49179,0.0,0,0
C107,E49279,0.0,0,0
C107,E50176,0.0,0,0
C107,E51968,0.0,0,0
C107,E52918,0.0,0,0
C107,E54005,0.0,0,0
C107,E55270,0.0,0,0
C107,E58755,0.0,0,0
C107,E59342,0.0,0,0
C107,E60544,0.0,0,0
C107,E60818,0.0,0,0
C107,E63193,0.0,0,0
C107,E63687,0.0,0,0
C107,E69199,0.0,0,0
C107,E69333,0.0,0,0
C107,E71666,0.0,0,0
C107,E71676,0.0,0,0
C107,E73082,0.0,0,0
C107,E74476,0.0,0,0
C107,E77196,0.0,0,0
C107,E79528,0.0,0,0
C107,E79671,0.0,0,0
C107,E80069,0.0,0,0
C107,E80312,0.0,0,0
C107,E81165,0.0,0,0
C107,E81983,0.0,0,0
C107,E83699,0.0,0,0
C107,E90766,0.0,0,0
C107,E92459,0.0,0,0
C107,E98052,0.0,0,0
C107,E98506,0.0,0,0
C107,E99544,0.0,0,0
C107,E99683,0.0,0,0
C107,E99928,0.0,0,0
C107,FB11192,1043.91,598,23990
C107,FB12647,874.0300000000001,787,36927
C107,FB14400,2750.71,1122,54348
C107,FB14917,1972.92,796,43494
C107,FB16173,623.69,302,6644
C107,FB18707,4240.01,1921,117724
C107,FB21022,3151.92,1330,82747
C107,FB21286,1181.36,743,56468
C107,FB25285,1670.21,592,31968
C107,FB25532,4732.049999999999,2012,140446
C107,FB31477,1097.64,635,17780
C107,FB31631,3022.34,1727,86454
C107,FB33027,764.07,556,32248
C107,FB35406,553.98,571,31405
C107,FB35578,1569.18,582,35630
C107,FB37574,1448.36,417,14595
C107,FB37626,209.92,103,7004
C107,FB38077,4481.55,1630,111552
C107,FB39658,798.38,399,21945
C107,FB41009,6220.15,2222,83085
C107,FB43005,4676.78,1847,90352
C107,FB43080,101.81,89,5963
C107,FB43574,1268.88,638,22330
C107,FB45556,794.52,491,11784
C107,FB46660,6656.05,2483,156358
C107,FB47877,3465.51,1584,83539
C107,FB48580,3894.8900000000003,1302,71470
C107,FB51900,3439.02,2331,129292
C107,FB54925,1664.07,574,36162
C107,FB55335,84.58,90,2970
C107,FB56777,658.54,210,10080
C107,FB59764,616.3,412,11124
C107,FB65039,4235.7699999999995,2058,89575
C107,FB65190,3067.33,1214,55214
C107,FB71731,3193.46,1836,65948
C107,FB74870,3437.9,1811,74381
C107,FB76411,2896.55,1329,82179
C107,FB76996,4730.98,1841,88615
C107,FB78717,1618.04,566,41290
C107,FB79109,1229.44,574,24108
C107,FB80378,3490.2,1334,53501
C107,FB83859,706.17,427,20195
C107,FB86233,6709.01,2143,131794
C107,FB86436,283.39,135,9315
C107,FB88150,679.0,288,10611
C107,FB96043,889.0,675,51975
C107,FB98341,1130.52,599,16173
C107,G10048,2871.33,1470,57321
C107,G10518,220.33,94,4136
C107,G10608,6235.74,3644,196119
C107,G11937,3091.84,2038,62932
C107,G12770,24.49,31,2139
C107,G13293,506.38,264,12144
C107,G14942,1320.23,671,12824
C107,G15085,897.94,879,11427
C107,G15658,202.55,284,5680
C107,G17552,1664.96,589,28359
C107,G18039,2360.71,1872,106377
C107,G19661,1503.22,1208,38777
C107,G22755,772.67,919,30327
C107,G23260,1594.03,632,35392
C107,G23389,1142.65,1014,41604
C107,G25379,2157.94,1402,37732
C107,G26054,2211.1099999999997,1540,51754
C107,G26882,3962.77,1585,41799
C107,G29938,1661.65,848,32224
C107,G33665,640.4200000000001,334,17166
C107,G33954,1106.1,654,16350
C107,G34016,737.92,571,16559
C107,G35406,1167.42,600,21000
C107,G35763,8517.18,3648,155767
C107,G37858,6929.35,3689,130220
C107,G39947,7544.83,4102,181693
C107,G42502,3751.8199999999997,1765,70856
C107,G43961,683.1700000000001,783,35622
C107,G48057,616.31,383,7660
C107,G48767,988.4200000000001,433,9151
C107,G56755,4141.33,2241,99039
C107,G59108,8452.529999999999,4083,160251
C107,G61133,3521.36,2199,90691
C107,G64437,702.43,236,9204
C107,G66449,1554.71,912,54978
C107,G66589,3940.7400000000002,1900,39759
C107,G67993,1401.44,962,19272
C107,G69827,3383.54,2002,85585
C107,G71230,5604.82,2626,113196
C107,G72487,6175.54,2461,88127
C107,G73083,2491.0099999999998,1753,73496
C107,G75099,2756.1,1017,26152
C107,G75723,397.11,622,20526
C107,G79500,3481.08,2694,152780
C107,G84692,1160.68,395,23305
C107,G85947,4242.01,2129,114057
C107,G86439,1028.58,793,26124
C107,G86600,4813.09,3067,159963
C107,G87977,2324.0299999999997,1526,71080
C107,G90114,878.47,423,8460
C107,G90830,8542.1,3967,198435
C107,G92570,508.31,788,36248
C107,Unknown,0.0,0,0
C108,E10699,0.0,0,0
C108,E11122,0.0,0,0
C108,E12356,0.0,0,0
C108,E14358,0.0,0,0
C108,E15700,0.0,0,0
C108,E15799,0.0,0,0
C108,E16194,0.0,0,0
C108,E19744,0.0,0,0
C108,E25658,0.0,0,0
C108,E36554,0.0,0,0
C108,E37094,0.0,0,0
C108,E42429,0.0,0,0
C108,E45086,0.0,0,0
C108,E46176,0.0,0,0
C108,E49130,0.0,0,0
C108,E50347,0.0,0,0
C108,E52200,0.0,0,0
C108,E53148,0.0,0,0
C108,E53551,0.0,0,0
C108,E56721,0.0,0,0
C108,E63601,0.0,0,0
C108,E65527,0.0,0,0
C108,E65687,0.0,0,0
C108,E74428,0.0,0,0
C108,E75390,0.0,0,0
C108,E79086,0.0,0,0
C108,E80113,0.0,0,0
C108,E82227,0.0,0,0
C108,E82790,0.0,0,0
C108,E86393,0.0,0,0
C108,E86684,0.0,0,0
C108,E88530,0.0,0,0
C108,E93813,0.0,0,0
C108,E94797,0.0,0,0
C108,E99496,0.0,0,0
C108,FB10661,1626.15,801,16906
C108,FB12849,61.39,64,3968
C108,FB14068,1038.04,350,22050
C108,FB18515,3476.6,1558,92862
C108,FB21552,1739.74,710,52659
C108,FB22424,197.07,62,4588
C108,FB23720,50.91,34,1802
C108,FB23830,1511.26,692,46364
C108,FB24246,4539.82,1743,65279
C108,FB24901,836.96,323,7752
C108,FB27080,3934.75,1487,38589
C108,FB29781,923.35,514,28287
C108,FB31990,298.9,137,6165
C108,FB32673,1233.55,428,20544
C108,FB33222,641.87,192,11520
C108,FB33319,2325.5899999999997,837,42737
C108,FB37636,159.02,49,2009
C108,FB39597,1852.19,1172,57091
C108,FB42163,393.67,371,23744
C108,FB42392,1557.78,574,32144
C108,FB43606,7665.15,3126,178688
C108,FB44960,4079.27,2091,106963
C108,FB45491,301.31,204,12444
C108,FB45828,5169.7,1866,87528
C108,FB46400,1822.53,609,14616
C108,FB50551,10477.57,3763,146706
C108,FB51227,1684.73,532,32260
C108,FB54739,2548.87,1057,47811
C108,FB55364,1548.72,645,37410
C108,FB55529,2180.23,861,54728
C108,FB55830,2091.08,669,26091
C108,FB56473,1692.15,677,28434
C108,FB56826,1794.8000000000002,773,49239
C108,FB57628,5762.49,2277,91819
C108,FB64900,1456.85,561,12903
C108,FB72846,3526.62,1663,92059
C108,FB74230,3902.48,1816,94036
C108,FB76542,1365.58,564,19872
C108,FB76551,1102.35,549,23058
C108,FB76784,282.15,138,7452
C108,FB79959,829.72,356,13517
C108,FB80250,3630.8,1571,52064
C108,FB83809,70.3,56,2072
C108,FB84954,1211.84,445,25726
C108,FB85138,1035.78,446,28990
C108,FB85494,578.76,391,10649
C108,FB85659,1884.62,1039,41631
C108,FB86723,670.15,334,17368
C108,FB92032,2747.38,1285,59875
C108,FB93081,1826.87,551,41876
C108,G12375,555.13,237,3318
C108,G12594,848.8,501,14529
C108,G14363,1919.0700000000002,1122,20484
C108,G18190,3002.01,1287,55279
C108,G18826,1506.2,684,18468
C108,G19399,1646.49,749,17227
C108,G20487,251.21,350,20650
C108,G21713,714.9300000000001,877,48366
C108,G24817,256.05,187,9350
C108,G25648,601.34,882,45864
C108,G25688,3526.21,2024,73840
C108,G27377,561.35,283,11886
C108,G32746,3788.74,1605,32063
C108,G33020,8404.41,4344,157488
C108,G33047,5310.2,2682,112169
C108,G35082,2990.45,1296,41201
C108,G35993,4904.5,2128,93223
C108,G36536,782.95,380,9120
C108,G39843,236.34,234,15678
C108,G40691,2317.94,1114,45002
C108,G43179,2237.91,795,11535
C108,G46141,339.23,313,10016
C108,G50241,329.56,143,4433
C108,G50639,3600.76,1839,39501
C108,G53445,1604.12,869,40626
C108,G53974,7323.4,4474,161090
C108,G54622,5948.17,4083,221229
C108,G56753,68.67,28,840
C108,G57593,4914.0599999999995,2745,84338
C108,G61937,1951.3899999999999,1473,36269
C108,G66359,12363.99,8495,294245
C108,G69706,3232.74,1374,58202
C108,G69736,1375.53,997,34199
C108,G70648,4533.22,2467,130479
C108,G70866,331.2,140,7560
C108,G77756,1179.09,894,39336
C108,G79144,3126.0099999999998,1353,47943
C108,G82426,2134.13,1464,61827
C108,G82721,1668.82,974,40908
C108,G82819,2439.67,1355,77903
C108,G82923,5196.0599999999995,2301,114913
C108,G84871,7928.860000000001,5888,268001
C108,G85642,8690.99,4038,167537
C108,G89710,6009.99,3548,149339
C108,G90312,1224.2,891,22275
C108,G96420,5623.9400000000005,3716,187036
C108,G97580,3272.71,1484,66556
C108,G98119,1930.01,931,62377
C108,G98859,944.45,431,16809
C108,Unknown,0.0,0,0
C109,E10934,0.0,0,0
C109,E11393,0.0,0,0
C109,E17918,0.0,0,0
C109,E22567,0.0,0,0
C109,E23364,0.0,0,0
C109,E26540,0.0,0,0
C109,E26760,0.0,0,0
C109,E32829,0.0,0,0
C109,E33434,0.0,0,0
C109,E33786,0.0,0,0
C109,E39905,0.0,0,0
C109,E40380,0.0,0,0
C109,E43112,0.0,0,0
C109,E43422,0.0,0,0
C109,E46386,0.0,0,0
C109,E46778,0.0,0,0
C109,E48364,0.0,0,0
C109,E51840,0.0,0,0
C109,E52241,0.0,0,0
C109,E56299,0.0,0,0
C109,E58596,0.0,0,0
C109,E60011,0.0,0,0
C109,E62689,0.0,0,0
C109,E66029,0.0,0,0
C109,E69175,0.0,0,0
C109,E69962,0.0,0,0
C109,E71220,0.0,0,0
C109,E75278,0.0,0,0
C109,E79436,0.0,0,0
C109,E82305,0.0,0,0
C109,E82712,0.0,0,0
C109,E89895,0.0,0,0
C109,E93239,0.0,0,0
C109,E96050,0.0,0,0
C109,E98143,0.0,0,0
C109,E98868,0.0,0,0
C109,FB11784,228.82,172,13244
C109,FB12224,496.89,231,9240
C109,FB12811,837.94,305,21960
C109,FB18215,1180.62,825,39996
C109,FB22779,7244.98,2880,148384
C109,FB28500,2875.62,1724,62885
C109,FB28760,5827.58,2509,128040
C109,FB30310,2020.93,774,25511
C109,FB31514,2892.27,1270,53796
C109,FB33982,2928.59,1756,96194
C109,FB38001,6367.48,2807,118082
C109,FB40168,2004.99,819,41258
C109,FB41006,1383.51,628,26931
C109,FB43363,1928.4,645,14190
C109,FB44056,3129.45,1636,69674
C109,FB45676,297.62,111,6438
C109,FB50298,2825.8,1407,55275
C109,FB50924,1630.26,1076,70536
C109,FB51812,2941.92,1325,83716
C109,FB52104,656.22,657,13797
C109,FB52775,1821.77,535,32635
C109,FB53049,5013.99,2967,129883
C109,FB53346,5189.34,2185,69083
C109,FB61206,493.35,182,12740
C109,FB63065,5279.5,2546,118732
C109,FB63756,8985.29,4052,130888
C109,FB66136,721.25,233,14213
C109,FB67456,1343.62,657,32850
C109,FB75930,2712.99,1655,64658
C109,FB76678,5173.17,1527,58316
C109,FB77628,2326.77,1311,56998
C109,FB78459,1283.72,725,51475
C109,FB78909,2209.04,1556,77197
C109,FB81911,715.63,671,24156
C109,FB84227,363.91,141,3666
C109,FB90732,1213.96,746,38046
C109,FB93168,1219.45,461,25363
C109,FB94675,1338.19,1022,60217
C109,FB98771,3301.6800000000003,1861,90883
C109,G18399,3025.21,1555,58852
C109,G22461,1116.92,895,27722
C109,G26976,1143.01,494,8892
C109,G27227,8884.6,4710,217434
C109,G27748,857.35,820,30754
C109,G28223,1305.92,564,12368
C109,G35859,453.22,236,6608
C109,G37621,1975.97,944,26800
C109,G38222,1653.47,826,26432
C109,G39457,2812.09,1734,88525
C109,G45947,7709.77,4291,154680
C109,G46835,3243.99,2305,82183
C109,G48485,2775.1099999999997,1855,70490
C109,G48567,3194.3,2646,92832
C109,G49410,1161.9099999999999,1546,82763
C109,G50815,4468.96,1633,82459
C109,G51511,3656.08,1882,73030
C109,G56405,45.89,38,2622
C109,G57466,1836.79,1422,46620
C109,G58596,10069.91,5328,170691
C109,G59295,3885.74,3052,148095
C109,G61833,484.9,201,13266
C109,G63910,7907.32,2949,110258
C109,G66867,1357.6,939,55488
C109,G70661,157.6,74,2664
C109,G75719,2214.82,1465,61734
C109,G76702,4102.13,1735,86270
C109,G79652,1141.9,557,6684
C109,G82666,2368.95,1171,37840
C109,G82873,2058.04,1129,27319
C109,G83479,7568.57,3764,155761
C109,G83636,2261.05,927,11124
C109,G86279,127.58,190,10260
C109,G87494,2793.41,2798,124604
C109,G88266,1700.8,622,19282
C109,G88406,9135.01,4935,161265
C109,G88445,2013.66,732,29280
C109,G89244,3142.59,1768,75590
C109,G90767,2021.94,1550,50620
C109,G92165,6236.34,3129,134307
C109,G95562,946.8499999999999,1007,58077
C109,G96303,3282.48,1858,90162
C109,G96596,286.85,314,15700
C109,G99595,7111.88,3750,176781
C109,G99810,1075.94,681,27240
C109,Unknown,0.0,0,0
C110,E10143,0.0,0,0
C110,E12607,0.0,0,0
C110,E18533,0.0,0,0
C110,E19788,0.0,0,0
C110,E22290,0.0,0,0
C110,E26259,0.0,0,0
C110,E34392,0.0,0,0
C110,E35824,0.0,0,0
C110,E36714,0.0,0,0
C110,E38011,0.0,0,0
C110,E38238,0.0,0,0
C110,E40750,0.0,0,0
C110,E43567,0.0,0,0
C110,E44450,0.0,0,0
C110,E45236,0.0,0,0
C110,E45466,0.0,0,0
C110,E48017,0.0,0,0
C110,E50437,0.0,0,0
C110,E55197,0.0,0,0
C110,E56110,0.0,0,0
C110,E58297,0.0,0,0
C110,E60445,0.0,0,0
C110,E60814,0.0,0,0
C110,E61307,0.0,0,0
C110,E61448,0.0,0,0
C110,E63506,0.0,0,0
C110,E63947,0.0,0,0
C110,E66554,0.0,0,0
C110,E70738,0.0,0,0
C110,E70892,0.0,0,0
C110,E71499,0.0,0,0
C110,E74972,0.0,0,0
C110,E77913,0.0,0,0
C110,E81462,0.0,0,0
C110,E82717,0.0,0,0
C110,E83290,0.0,0,0
C110,E88218,0.0,0,0
C110,E91061,0.0,0,0
C110,E91792,0.0,0,0
C110,E98485,0.0,0,0
C110,E99843,0.0,0,0
C110,FB11810,2939.51,1091,44576
C110,FB13571,4828.94,2220,138742
C110,FB14785,4700.049999999999,1823,117018
C110,FB15737,2124.81,1419,66721
C110,FB17975,1274.6000000000001,590,24379
C110,FB18217,2037.44,601,40772
C110,FB27839,598.7,234,17316
C110,FB29025,1086.79,358,22912
C110,FB29947,1964.09,627,16929
C110,FB31090,610.61,228,8436
C110,FB32198,4059.39,1759,104672
C110,FB32930,1562.88,610,23790
C110,FB35526,522.83,273,8190
C110,FB37477,837.22,383,20682
C110,FB37572,1617.44,476,37128
C110,FB42142,1882.14,577,14425
C110,FB42276,4457.77,1460,75844
C110,FB45789,1884.71,659,37576
C110,FB48532,1442.95,440,32560
C110,FB49855,2853.27,1062,36468
C110,FB51095,898.73,292,13432
C110,FB54419,845.74,442,21542
C110,FB54826,198.09,57,1539
C110,FB56371,1651.78,793,27755
C110,FB58661,2429.19,1059,51365
C110,FB59156,2956.22,1054,51122
C110,FB61092,3405.24,1321,66668
C110,FB61696,2142.2,1816,107938
C110,FB63066,2941.0499999999997,1630,84898
C110,FB64274,516.86,168,3528
C110,FB65919,2633.0,1043,58595
C110,FB66572,2608.46,887,28941
C110,FB67539,4097.7,1694,113833
C110,FB71484,359.65,291,17751
C110,FB75757,2221.98,777,59411
C110,FB77408,6432.57,2257,134734
C110,FB78352,722.73,248,17360
C110,FB79763,6148.3,3119,172981
C110,FB82733,1288.95,380,11780
C110,FB86427,1691.18,519,10899
C110,FB88365,9028.18,4053,222652
C110,FB89032,1323.8799999999999,688,34352
C110,FB90475,181.34,144,10800
C110,FB94308,1334.26,400,25200
C110,FB95205,324.56,240,14640
C110,FB99087,2151.06,1252,40748
C110,FB99702,927.94,575,31050
C110,G10204,1145.22,562,15736
C110,G10306,961.73,646,34238
C110,G12229,1051.1,1069,70510
C110,G13168,1452.62,977,35172
C110,G13723,1276.72,914,45627
C110,G14099,2032.97,1172,55653
C110,G18203,3722.59,2253,118030
C110,G18685,1515.63,1036,30279
C110,G19745,2058.96,727,18621
C110,G21831,1327.7,976,16668
C110,G31417,1537.09,693,33651
C110,G37323,5430.549999999999,2182,56381
C110,G38916,7374.5,3702,151184
C110,G40472,5362.59,2374,48891
C110,G42655,11769.02,6438,314802
C110,G47375,303.27,380,8360
C110,G48153,2685.96,1086,39119
C110,G50167,3563.6800000000003,2171,95961
C110,G50199,3990.9,2301,94899
C110,G54668,2555.25,1169,62502
C110,G59086,1415.6200000000001,736,26326
C110,G62571,1697.88,948,32232
C110,G62723,4132.55,1645,76253
C110,G68714,3407.92,1886,72346
C110,G71085,1622.0,1054,56974
C110,G75927,5513.61,3945,188285
C110,G76358,1196.55,902,23754
C110,G76456,4953.0,2133,87367
C110,G79009,1681.86,838,55308
C110,G82705,1695.81,830,14110
C110,G86662,1768.13,956,43580
C110,G87260,1871.13,1562,44782
C110,G90148,780.61,482,27309
C110,G90525,3121.52,1650,74819
C110,G93180,3113.46,2042,94627
C110,G94036,1147.28,595,38238
C110,G98666,733.57,687,37785
C110,Unknown,0.0,0,0
C111,E12704,0.0,0,0
C111,E13015,0.0,0,0
C111,E16200,0.0,0,0
C111,E16653,0.0,0,0
C111,E21332,0.0,0,0
C111,E25490,0.0,0,0
C111,E26497,0.0,0,0
C111,E26782,0.0,0,0
C111,E28352,0.0,0,0
C111,E28479,0.0,0,0
C111,E29493,0.0,0,0
C111,E31771,0.0,0,0
C111,E33359,0.0,0,0
C111,E37944,0.0,0,0
C111,E39668,0.0,0,0
C111,E40869,0.0,0,0
C111,E43231,0.0,0,0
C111,E50474,0.0,0,0
C111,E54971,0.0,0,0
C111,E55405,0.0,0,0
C111,E56622,0.0,0,0
C111,E59125,0.0,0,0
C111,E60051,0.0,0,0
C111,E60267,0.0,0,0
C111,E64528,0.0,0,0
C111,E73908,0.0,0,0
C111,E80856,0.0,0,0
C111,E80861,0.0,0,0
C111,E81627,0.0,0,0
C111,E84687,0.0,0,0
C111,E88153,0.0,0,0
C111,E93527,0.0,0,0
C111,FB11967,539.88,256,12785
C111,FB13954,180.93,54,2214
C111,FB17972,659.97,560,31360
C111,FB18004,1067.51,669,43978
C111,FB18684,1024.19,751,53321
C111,FB24585,746.79,382,16808
C111,FB27315,1013.94,669,28767
C111,FB27498,1943.98,794,56679
C111,FB31021,826.29,489,23336
C111,FB33328,3745.3599999999997,1098,41825
C111,FB36340,988.62,359,9693
C111,FB37680,803.57,489,20538
C111,FB38319,5409.33,2324,116072
C111,FB39115,1253.83,897,31609
C111,FB41237,3372.04,1807,89924
C111,FB43575,1213.9099999999999,809,47599
C111,FB43922,5301.76,2506,168648
C111,FB44377,685.26,227,14528
C111,FB48457,2581.99,1168,36912
C111,FB50335,892.77,533,27183
C111,FB52116,757.47,655,37335
C111,FB52255,1235.54,489,18313
C111,FB68661,317.82,298,11324
C111,FB68918,716.56,243,12150
C111,FB69679,621.26,216,5832
C111,FB74053,2046.62,995,41785
C111,FB77817,1583.79,1219,56759
C111,FB78363,552.94,164,3280
C111,FB78751,1859.54,892,25350
C111,FB83577,5872.57,2239,107830
C111,FB83637,1110.23,583,25877
C111,FB87037,1340.26,442,19006
C111,FB98114,2908.9399999999996,1294,85360
C111,FB98835,3326.63,1269,58964
C111,FB99755,2284.2599999999998,742,38860
C111,G10335,1169.91,904,35256
C111,G11393,1994.99,1069,56598
C111,G11989,7444.52,3629,190066
C111,G17900,340.11,306,4284
C111,G18305,2518.4700000000003,1597,46792
C111,G22860,6179.12,3488,163428
C111,G28124,1416.63,1445,49120
C111,G30292,8497.13,5359,204021
C111,G30364,1831.3999999999999,1000,18573
C111,G32566,5046.69,2947,120183
C111,G33201,245.08,206,8858
C111,G35233,811.02,574,10332
C111,G37877,1247.53,445,6230
C111,G38201,2810.62,1625,55849
C111,G39534,7258.9,3460,131401
C111,G45991,873.78,310,17670
C111,G47514,757.2,892,43708
C111,G49338,2960.67,1396,77236
C111,G50541,2242.89,1295,44507
C111,G51396,5926.5599999999995,3796,127851
C111,G51936,350.51,317,15533
C111,G58747,7585.28,4441,184030
C111,G63639,1897.9299999999998,1184,50846
C111,G66061,2936.6800000000003,1238,42735
C111,G66677,1788.0,943,49381
C111,G71163,507.13,369,6273
C111,G72073,4142.5,1955,106111
C111,G73709,7730.07,3878,111302
C111,G74423,5596.51,2955,104436
C111,G74424,75.96,30,900
C111,G75966,9016.25,4381,195964
C111,G76833,1246.98,477,6678
C111,G82462,1437.53,582,24225
C111,G83418,3028.4900000000002,1371,63108
C111,G84898,237.22,372,11904
C111,G88244,2592.15,1430,58888
C111,G88301,6192.83,3010,140676
C111,G88377,1016.15,584,20358
C111,G89346,4183.2300000000005,2735,72221
C111,G96287,4730.849999999999,2366,122024
C111,G99610,3555.81,1609,83505
C111,Unknown,0.0,0,0
C112,E10983,0.0,0,0
C112,E12075,0.0,0,0
C112,E16033,0.0,0,0
C112,E16204,0.0,0,0
C112,E16452,0.0,0,0
C112,E22203,0.0,0,0
C112,E25488,0.0,0,0
C112,E25908,0.0,0,0
C112,E39236,0.0,0,0
C112,E43865,0.0,0,0
C112,E45310,0.0,0,0
C112,E46572,0.0,0,0
C112,E49092,0.0,0,0
C112,E50033,0.0,0,0
C112,E50142,0.0,0,0
C112,E51388,0.0,0,0
C112,E56283,0.0,0,0
C112,E58921,0.0,0,0
C112,E66924,0.0,0,0
C112,E68136,0.0,0,0
C112,E69446,0.0,0,0
C112,E73642,0.0,0,0
C112,E77434,0.0,0,0
C112,E84180,0.0,0,0
C112,E87118,0.0,0,0
C112,E88095,0.0,0,0
C112,E88118,0.0,0,0
C112,E88158,0.0,0,0
C112,E90243,0.0,0,0
C112,E94429,0.0,0,0
C112,E96267,0.0,0,0
C112,E98386,0.0,0,0
C112,E98434,0.0,0,0
C112,FB10075,2669.39,1546,96950
C112,FB14242,1192.8,1059,39857
C112,FB15766,184.7,154,3388
C112,FB16770,3259.45,1695,109156
C112,FB24741,2758.98,1743,77426
C112,FB27724,656.58,425,33575
C112,FB37858,40.61,35,2590
C112,FB38924,2467.55,913,34978
C112,FB40425,4260.1,1727,82964
C112,FB41011,1813.16,986,67212
C112,FB43106,825.6700000000001,627,16454
C112,FB46459,3960.2599999999998,1739,44822
C112,FB48678,9073.35,3470,197402
C112,FB49801,2198.54,801,46770
C112,FB49979,3652.4700000000003,1147,62034
C112,FB52370,2697.3,1051,50831
C112,FB64563,2253.57,818,58330
C112,FB66248,492.9,244,16307
C112,FB70310,1901.71,612,23256
C112,FB71051,993.47,644,26680
C112,FB72122,127.18,87,4002
C112,FB76347,5818.889999999999,2084,89534
C112,FB79448,6075.54,3005,174173
C112,FB80117,3682.8900000000003,1388,55408
C112,FB82300,2684.2,924,57912
C112,FB86304,2603.15,1517,83749
C112,FB86470,2615.63,927,36864
C112,FB89863,1567.88,797,39828
C112,FB91171,6089.44,2742,129144
C112,FB91955,1859.5900000000001,971,42400
C112,FB96232,3446.67,1279,88895
C112,G10791,1307.48,1058,37272
C112,G12456,2624.09,1023,22418
C112,G12606,8692.69,5276,225461
C112,G13064,146.69,197,6501
C112,G16048,963.83,769,29991
C112,G17066,839.0,617,30990
C112,G24937,3548.52,1687,71110
C112,G26040,3666.54,2077,86030
C112,G27867,4673.01,2757,125297
C112,G31483,491.35,373,22380
C112,G32097,3931.3199999999997,3139,136932
C112,G38801,3870.8599999999997,2280,76788
C112,G40407,152.64,172,4300
C112,G42904,2552.34,922,49788
C112,G43003,6492.46,3445,181586
C112,G46766,109.6,114,3762
C112,G48963,3414.87,2035,89989
C112,G51082,3200.67,1750,88795
C112,G53317,7146.6,3155,127992
C112,G56272,1031.5,672,16128
C112,G59896,2144.58,1392,37595
C112,G61119,2426.85,1203,54717
C112,G66499,201.06,105,7035
C112,G73616,2367.39,1656,88262
C112,G73893,1777.57,929,36755
C112,G75942,2126.1800000000003,1813,79002
C112,G79754,1497.01,759,24545
C112,G83545,4745.0,2344,114033
C112,G84026,2059.14,834,13344
C112,G86374,570.83,941,31053
C112,G87399,7061.28,4887,183630
C112,G90238,2957.8199999999997,1947,83229
C112,G91002,5455.78,2413,75256
C112,G92092,3470.48,1298,58006
C112,G93890,5397.99,3645,159745
C112,G97008,5899.87,3937,159229
C112,Unknown,0.0,0,0
C113,E10656,0.0,0,0
C113,E12966,0.0,0,0
C113,E13089,0.0,0,0
C113,E18389,0.0,0,0
C113,E18461,0.0,0,0
C113,E20530,0.0,0,0
C113,E25385,0.0,0,0
C113,E29135,0.0,0,0
C113,E30496,0.0,0,0
C113,E30530,0.0,0,0
C113,E32127,0.0,0,0
C113,E34007,0.0,0,0
C113,E36035,0.0,0,0
C113,E37448,0.0,0,0
C113,E39640,0.0,0,0
C113,E49979,0.0,0,0
C113,E50300,0.0,0,0
C113,E52311,0.0,0,0
C113,E53715,0.0,0,0
C113,E59829,0.0,0,0
C113,E60007,0.0,0,0
C113,E62341,0.0,0,0
C113,E63062,0.0,0,0
C113,E65893,0.0,0,0
C113,E69098,0.0,0,0
C113,E69586,0.0,0,0
C113,E76152,0.0,0,0
C113,E79985,0.0,0,0
C113,E87161,0.0,0,0
C113,E89542,0.0,0,0
C113,E89686,0.0,0,0
C113,E93174,0.0,0,0
C113,FB13117,1060.33,322,15134
C113,FB14604,2848.77,1340,84885
C113,FB16618,2708.73,1008,48336
C113,FB17221,1059.06,511,16375
C113,FB19326,1043.54,312,9984
C113,FB25686,419.54999999999995,158,6173
C113,FB26243,473.76,394,14889
C113,FB26356,1352.03,1036,62201
C113,FB26903,600.73,444,21748
C113,FB27110,2344.8599999999997,1387,76334
C113,FB28367,722.9300000000001,383,15505
C113,FB31428,3573.25,1168,54780
C113,FB35081,4501.49,2235,120361
C113,FB38815,6125.83,2824,119902
C113,FB44166,3621.33,1090,63052
C113,FB45311,575.51,273,20202
C113,FB46187,4718.43,2668,130701
C113,FB50333,5655.37,3010,141440
C113,FB51400,2833.66,1790,98590
C113,FB53214,490.94,221,16133
C113,FB54831,5544.52,2233,79692
C113,FB55600,1921.95,734,23488
C113,FB62650,537.79,177,11505
C113,FB63118,7305.26,2694,139449
C113,FB63406,820.47,473,25069
C113,FB66618,1793.84,859,32809
C113,FB70582,1809.29,1119,69378
C113,FB71286,883.05,548,23016
C113,FB71301,1480.8,594,36828
C113,FB73593,213.65,154,8932
C113,FB74428,3364.1099999999997,1371,89590
C113,FB77910,755.6700000000001,500,21925
C113,FB79444,346.36,113,8927
C113,FB81050,2662.34,1067,65389
C113,FB84432,4809.19,1793,86043
C113,FB85320,441.1,152,3648
C113,FB87884,873.51,659,50650
C113,FB88212,4466.79,1581,77766
C113,FB88871,298.93,260,11960
C113,FB89803,1432.75,858,55107
C113,FB91013,339.97,206,12978
C113,FB91260,1687.45,664,44488
C113,FB92778,168.51,61,2562
C113,FB93160,994.22,316,11692
C113,G10701,833.35,425,14450
C113,G12768,623.03,243,5346
C113,G16324,3912.2400000000002,2899,109916
C113,G20490,3664.2200000000003,2029,86588
C113,G21842,2628.5,1859,93034
C113,G25564,3589.08,2287,99734
C113,G27210,7367.12,4821,206948
C113,G28233,230.89,110,7590
C113,G31089,2905.7799999999997,1374,26931
C113,G31397,3634.69,2460,106656
C113,G32051,3892.76,2595,118700
C113,G34855,1403.34,716,32220
C113,G37682,5889.19,2751,123606
C113,G42387,6616.67,3352,132844
C113,G45622,908.86,578,34102
C113,G47051,586.26,347,21861
C113,G47376,364.13,169,6591
C113,G47642,4394.0599999999995,2903,112038
C113,G53594,646.93,537,27387
C113,G55537,616.37,550,10450
C113,G55737,5674.4400000000005,3928,214878
C113,G55946,5127.12,2549,61079
C113,G56396,9244.1,6489,285007
C113,G57700,1577.52,588,38808
C113,G57830,2713.65,1470,29510
C113,G58603,532.05,586,16408
C113,G62414,2681.79,922,23972
C113,G64243,108.65,106,3286
C113,G66512,6377.85,5177,236771
C113,G68831,2026.44,806,29495
C113,G70962,2090.27,834,10008
C113,G71464,3057.88,1119,39441
C113,G74752,1192.87,717,42045
C113,G76794,2792.5699999999997,1913,115303
C113,G80395,404.94,400,16400
C113,G81327,2802.3,1980,52497
C113,G88494,366.49,126,8442
C113,G90196,5442.69,2711,128832
C113,G99889,221.55,97,5335
C113,Unknown,0.0,0,0
