campaign_id,client_id,date,clicks,impressions,cost_usd,device_type,geo
G001,C101,2024-12-01,120,4000,75.5,mobile,US
G001,C101,2024-12-02,130,4200,79.0,desktop,US
G002,C102,2024-12-01,89,3200,60.1,mobile,CA
G002,C102,2024-12-02,95,3500,63.0,tablet,CA
G003,C103,2024-12-01,70,2100,45.0,desktop,UK
G003,C103,2024-12-01,340,19040,1004.7,tablet,IT
G003,C103,2024-12-01,529,20102,1199.94,desktop,UK
G003,C103,2024-12-01,405,13770,434.06,mobile,IE
G001,C101,2024-12-01,240,14640,621.83,tablet,DE
G001,C101,2024-12-01,380,6460,280.81,mobile,ES
G56396,C113,2024-12-01,524,31440,1408.81,desktop,DE
G27210,C113,2024-12-01,274,16988,776.39,desktop,DE
G16324,C113,2024-12-01,432,6048,837.73,desktop,UK
G66512,C113,2024-12-01,640,20480,1227.52,mobile,FR
G002,C102,2024-12-01,409,13497,855.06,desktop,CA
G66597,C106,2024-12-01,374,24684,310.73,tablet,CA
G66597,C106,2024-12-01,708,19824,1898.67,tablet,US
G85526,C104,2024-12-01,620,35960,1137.39,mobile,NZ
G57593,C108,2024-12-01,40,2680,59.53,tablet,AU
G57593,C108,2024-12-01,78,2574,144.99,desktop,UK
G57593,C108,2024-12-01,666,15984,1541.35,tablet,ES
G40060,C106,2024-12-02,647,29115,808.04,desktop,CA
G96303,C109,2024-12-02,468,19656,978.93,mobile,NZ
G96303,C109,2024-12-02,56,1176,123.54,desktop,UK
G96303,C109,2024-12-02,405,27135,416.62,tablet,IT
G96303,C109,2024-12-02,132,3432,369.23,desktop,ES
G003,C103,2024-12-02,728,8736,1346.15,mobile,NZ
G003,C103,2024-12-02,198,4356,278.53,desktop,DE
G003,C103,2024-12-02,694,16656,1547.44,mobile,ES
G003,C103,2024-12-02,239,14101,143.43,mobile,UK
G30292,C111,2024-12-02,673,40380,1201.83,mobile,DE
G30292,C111,2024-12-02,471,30615,640.42,tablet,DE
G30292,C111,2024-12-02,248,15128,463.49,desktop,AU
G35763,C107,2024-12-02,854,59780,2284.24,tablet,IT
G90830,C107,2024-12-02,335,13735,474.38,desktop,FR
G90830,C107,2024-12-02,829,35647,2484.37,tablet,NZ
G59108,C107,2024-12-02,605,23595,877.57,tablet,IT
G002,C102,2024-12-02,403,21762,833.88,mobile,FR
G70623,C102,2024-12-02,178,11570,227.2,tablet,IT
G50605,C105,2024-12-02,340,23120,728.33,desktop,IE
G50605,C105,2024-12-02,283,14150,555.29,desktop,IT
G50605,C105,2024-12-02,378,23058,314.83,desktop,IT
G50605,C105,2024-12-02,569,10242,371.69,desktop,DE
G87125,C104,2024-12-03,197,5319,560.74,mobile,ES
G35763,C107,2024-12-03,642,29532,1749.87,mobile,NZ
G90830,C107,2024-12-03,555,23865,943.96,tablet,IE
G35763,C107,2024-12-03,837,15066,1341.17,tablet,IT
G93890,C112,2024-12-03,959,22057,1160.66,desktop,FR
G003,C103,2024-12-03,439,11853,992.22,tablet,NZ
G27210,C113,2024-12-03,831,56508,582.57,tablet,UK
G66512,C113,2024-12-03,242,16940,376.85,desktop,DE
G50605,C105,2024-12-03,444,7104,580.95,mobile,IT
G50605,C105,2024-12-03,28,1344,54.5,desktop,IE
G50605,C105,2024-12-03,324,21384,588.82,desktop,DE
G70623,C102,2024-12-04,117,3627,104.21,mobile,IE
G002,C102,2024-12-04,664,39840,1107.79,tablet,ES
G87125,C104,2024-12-04,543,23349,842.76,tablet,AU
G43976,C105,2024-12-04,560,38640,1281.65,desktop,NZ
G43976,C105,2024-12-04,211,7174,241.91,tablet,CA
G13506,C105,2024-12-04,921,24867,1974.41,mobile,UK
G13506,C105,2024-12-04,751,14269,1556.59,tablet,US
G57593,C108,2024-12-04,627,26334,1014.54,tablet,CA
G69984,C101,2024-12-04,732,45384,1603.96,mobile,NZ
G001,C101,2024-12-04,901,14416,1692.32,desktop,IT
G003,C103,2024-12-05,692,26988,1475.89,tablet,IE
G69984,C101,2024-12-05,905,49775,898.72,tablet,FR
G69984,C101,2024-12-05,858,42042,2333.36,tablet,FR
G96303,C109,2024-12-05,589,32395,1195.62,desktop,DE
G27227,C109,2024-12-05,722,24548,1011.99,desktop,US
G96303,C109,2024-12-05,69,3588,110.63,desktop,US
G12813,C102,2024-12-05,237,9243,405.07,tablet,DE
G24274,C102,2024-12-05,191,12224,125.88,tablet,AU
G12813,C102,2024-12-05,224,5600,485.11,mobile,CA
G24274,C102,2024-12-05,456,6840,668.72,desktop,FR
G50605,C105,2024-12-05,847,24563,579.21,desktop,NZ
G50605,C105,2024-12-05,198,5742,388.98,mobile,UK
G79581,C105,2024-12-05,880,42240,1177.91,tablet,IE
G13506,C105,2024-12-05,577,28850,585.24,tablet,IT
G90746,C103,2024-12-06,994,13916,2514.73,mobile,DE
G63697,C103,2024-12-06,372,21576,718.23,tablet,UK
G27227,C109,2024-12-06,405,15795,604.43,tablet,UK
G75927,C110,2024-12-06,858,55770,557.27,desktop,CA
G75927,C110,2024-12-06,193,10615,128.69,mobile,DE
G75927,C110,2024-12-06,683,17075,961.01,tablet,FR
G75927,C110,2024-12-06,359,16873,457.01,desktop,CA
G30292,C111,2024-12-06,574,17794,936.26,mobile,IE
G11989,C111,2024-12-06,339,15594,930.0,mobile,UK
G50605,C105,2024-12-06,991,15856,1034.08,desktop,FR
G13506,C105,2024-12-06,663,42432,468.97,tablet,CA
G79581,C105,2024-12-06,376,12784,762.18,mobile,IT
G85526,C104,2024-12-06,164,8364,231.2,desktop,AU
G66597,C106,2024-12-07,198,10890,317.43,desktop,US
G40060,C106,2024-12-07,890,50730,1354.82,tablet,FR
G43976,C105,2024-12-07,502,34136,505.62,desktop,FR
G50327,C105,2024-12-07,635,34290,979.05,mobile,DE
G24274,C102,2024-12-07,674,28982,647.69,tablet,CA
G24274,C102,2024-12-07,681,43584,1217.35,mobile,NZ
G24274,C102,2024-12-07,232,11136,226.62,mobile,IT
G75927,C110,2024-12-07,45,1395,32.37,desktop,UK
G59086,C110,2024-12-07,24,792,33.72,tablet,CA
G75927,C110,2024-12-07,302,11778,566.48,tablet,CA
G63697,C103,2024-12-07,554,8310,414.38,mobile,IT
G003,C103,2024-12-07,780,42900,1831.34,mobile,US
G27210,C113,2024-12-07,527,28458,1389.23,tablet,UK
G16324,C113,2024-12-07,516,13416,570.7,desktop,US
G66512,C113,2024-12-07,782,33626,1145.82,tablet,UK
G48567,C109,2024-12-07,940,26320,976.2,mobile,CA
G27227,C109,2024-12-07,608,35872,967.47,mobile,IE
G27227,C109,2024-12-07,601,31853,1086.54,mobile,CA
G90830,C107,2024-12-08,953,64804,1973.85,desktop,US
G20655,C104,2024-12-08,855,33345,1000.64,mobile,DE
G86118,C104,2024-12-08,558,28458,644.23,desktop,ES
G87125,C104,2024-12-08,984,27552,1980.6,tablet,AU
G87125,C104,2024-12-08,666,39960,611.2,mobile,ES
G43135,C106,2024-12-08,113,2147,207.69,desktop,ES
G92956,C106,2024-12-08,867,11271,1618.08,mobile,US
G27227,C109,2024-12-08,557,31192,1199.01,tablet,CA
G61833,C109,2024-12-08,201,13266,484.9,desktop,IE
G93890,C112,2024-12-08,490,6860,1192.58,desktop,ES
G85642,C108,2024-12-08,626,17528,1609.67,mobile,NZ
G66359,C108,2024-12-08,542,13550,672.18,mobile,DE
G66359,C108,2024-12-08,305,16775,242.15,mobile,CA
G54622,C108,2024-12-08,574,39606,878.03,mobile,ES
G50327,C105,2024-12-08,224,15232,614.75,desktop,US
G81481,C105,2024-12-08,88,5720,194.32,desktop,ES
G70192,C105,2024-12-08,465,30690,1169.34,tablet,US
G69984,C101,2024-12-08,878,29852,2624.88,tablet,ES
G40828,C101,2024-12-08,736,40480,1093.99,mobile,IE
G69984,C101,2024-12-08,385,13475,974.05,tablet,FR
G69984,C101,2024-12-08,307,4298,355.86,mobile,US
G30364,C111,2024-12-09,731,10234,1187.36,tablet,UK
G70623,C102,2024-12-09,821,32019,1066.97,tablet,AU
G37858,C107,2024-12-09,584,38544,781.44,tablet,FR
G59108,C107,2024-12-09,232,16240,587.26,mobile,US
G35763,C107,2024-12-09,255,5610,303.33,mobile,ES
G90830,C107,2024-12-09,180,10080,114.01,tablet,UK
G40828,C101,2024-12-09,419,26816,330.1,mobile,AU
G69984,C101,2024-12-09,913,15521,1152.04,tablet,ES
G70192,C105,2024-12-09,636,44520,1692.93,mobile,DE
G79581,C105,2024-12-09,754,33176,1931.19,desktop,DE
G25564,C113,2024-12-09,174,5220,345.42,mobile,US
G16324,C113,2024-12-09,371,20034,298.51,tablet,FR
G83545,C112,2024-12-09,80,3520,89.63,tablet,FR
G12606,C112,2024-12-09,280,4480,618.99,tablet,ES
G12606,C112,2024-12-09,821,55007,1379.37,tablet,AU
G83545,C112,2024-12-09,491,31915,1190.31,tablet,AU
G54622,C108,2024-12-10,913,51128,1259.98,tablet,US
G59108,C107,2024-12-10,821,32840,2305.7,tablet,IE
G59108,C107,2024-12-10,145,8265,427.61,tablet,CA
G35763,C107,2024-12-10,329,19411,881.35,desktop,UK
G92956,C106,2024-12-10,253,4048,250.62,tablet,IE
G92956,C106,2024-12-10,569,18208,648.95,desktop,US
G14467,C106,2024-12-10,718,28720,447.73,desktop,FR
G20655,C104,2024-12-10,255,12750,588.36,mobile,CA
G37186,C104,2024-12-10,104,7072,69.13,tablet,AU
G53781,C104,2024-12-10,487,18506,1232.81,mobile,IE
G85526,C104,2024-12-10,585,21645,414.71,tablet,ES
G45947,C109,2024-12-10,290,5510,509.81,mobile,ES
G48567,C109,2024-12-10,698,18846,602.62,desktop,IT
G59604,C105,2024-12-10,916,49464,1987.61,tablet,FR
G50605,C105,2024-12-10,844,34604,2504.7,mobile,CA
G59604,C105,2024-12-10,856,46224,1203.91,mobile,UK
G13506,C105,2024-12-10,142,8804,326.32,desktop,IT
G59604,C105,2024-12-11,974,38960,688.06,desktop,DE
G35763,C107,2024-12-11,607,19424,1657.77,mobile,IE
G39947,C107,2024-12-11,842,38732,1109.44,tablet,IE
G59108,C107,2024-12-11,412,21012,952.1,desktop,US
G85660,C101,2024-12-11,581,34279,1233.63,mobile,NZ
G40828,C101,2024-12-11,785,37680,1297.13,desktop,CA
G40828,C101,2024-12-11,627,10032,1620.44,desktop,UK
G34335,C104,2024-12-11,880,14080,1272.36,mobile,NZ
G003,C103,2024-12-11,982,23568,832.93,tablet,IT
G003,C103,2024-12-11,107,5350,307.53,desktop,AU
G16686,C102,2024-12-11,256,15872,367.26,mobile,UK
G002,C102,2024-12-11,926,32410,895.29,desktop,ES
G74313,C102,2024-12-11,95,6175,257.31,tablet,IE
G74313,C102,2024-12-11,749,30709,1589.71,desktop,FR
G18203,C110,2024-12-11,126,6552,155.88,tablet,AU
G18203,C110,2024-12-11,409,19223,501.84,tablet,AU
G37323,C110,2024-12-11,262,5502,389.64,desktop,IE
G18203,C110,2024-12-11,164,9512,288.91,mobile,ES
G85642,C108,2024-12-11,821,48439,2424.37,mobile,IT
G27227,C109,2024-12-12,145,7105,161.53,mobile,CA
G59295,C109,2024-12-12,246,8118,533.03,desktop,IT
G75231,C104,2024-12-12,924,22176,2050.85,tablet,NZ
G20655,C104,2024-12-12,685,13015,1552.25,tablet,IE
G86118,C104,2024-12-12,945,27405,632.24,tablet,NZ
G40712,C105,2024-12-12,517,7755,339.79,desktop,IE
G18203,C110,2024-12-12,455,21385,857.7,mobile,US
G42655,C110,2024-12-12,570,29640,1476.2,desktop,UK
G18203,C110,2024-12-12,523,27719,1286.4,mobile,ES
G42655,C110,2024-12-12,40,2080,110.75,tablet,IT
G12606,C112,2024-12-12,947,39774,1254.32,tablet,AU
G12606,C112,2024-12-12,500,34500,896.72,tablet,UK
G12606,C112,2024-12-12,943,18860,904.9,desktop,CA
G90746,C103,2024-12-13,180,9000,347.3,tablet,CA
G40712,C105,2024-12-13,70,3990,176.24,tablet,AU
G50605,C105,2024-12-13,115,5290,275.42,tablet,ES
G81481,C105,2024-12-13,671,36234,1484.58,mobile,IT
G77461,C104,2024-12-13,647,14234,1394.32,mobile,FR
G44350,C104,2024-12-13,539,36652,976.3,mobile,IE
G37186,C104,2024-12-13,754,21866,635.51,desktop,DE
G30292,C111,2024-12-13,479,31135,970.39,tablet,DE
G22860,C111,2024-12-13,685,19180,1838.66,tablet,NZ
G86600,C107,2024-12-13,647,42055,1213.72,desktop,UK
G53974,C108,2024-12-13,542,8672,839.06,tablet,FR
G66359,C108,2024-12-13,727,42893,832.83,tablet,IT
G12813,C102,2024-12-13,569,36416,731.48,mobile,CA
G36606,C106,2024-12-14,580,11020,1491.38,desktop,IE
G36606,C106,2024-12-14,474,20856,981.36,tablet,IT
G90746,C103,2024-12-14,724,22444,1060.89,desktop,CA
G003,C103,2024-12-14,513,20520,1037.11,mobile,US
G69984,C101,2024-12-14,677,33850,653.34,tablet,IE
G50605,C105,2024-12-14,996,35856,1167.6,desktop,FR
G59295,C109,2024-12-14,249,17181,397.8,desktop,FR
G25688,C108,2024-12-14,613,35554,933.19,mobile,CA
G16324,C113,2024-12-14,238,6188,548.98,desktop,NZ
G56396,C113,2024-12-14,721,25235,632.62,desktop,FR
G56396,C113,2024-12-14,382,4966,441.04,tablet,IT
G11989,C111,2024-12-14,740,37000,1643.38,tablet,ES
G58747,C111,2024-12-14,579,16212,806.5,desktop,IE
G66419,C102,2024-12-15,604,13892,424.42,desktop,IT
G24274,C102,2024-12-15,123,5166,302.92,desktop,AU
G47642,C113,2024-12-15,250,10500,192.57,desktop,UK
G56396,C113,2024-12-15,814,52910,602.1,mobile,DE
G16324,C113,2024-12-15,833,31654,1298.66,tablet,UK
G63697,C103,2024-12-15,285,4845,668.34,mobile,US
G11989,C111,2024-12-15,879,53619,1938.7,desktop,IT
G58747,C111,2024-12-15,292,8468,242.32,tablet,FR
G11989,C111,2024-12-15,108,2592,226.17,tablet,IT
G66359,C108,2024-12-15,688,17200,1528.64,mobile,US
G27227,C109,2024-12-15,436,13952,1065.54,mobile,DE
G96420,C108,2024-12-16,832,32448,921.69,mobile,AU
G50639,C108,2024-12-16,427,11529,905.04,desktop,CA
G39947,C107,2024-12-16,474,29862,1165.21,mobile,US
G37858,C107,2024-12-16,1000,13000,2674.64,tablet,DE
G86600,C107,2024-12-16,741,48906,786.84,mobile,UK
G18039,C107,2024-12-16,303,18786,210.93,desktop,AU
G87714,C101,2024-12-16,870,34800,2352.25,tablet,US
G85660,C101,2024-12-16,947,59661,740.02,desktop,FR
G40828,C101,2024-12-16,290,18270,255.66,desktop,ES
G43343,C101,2024-12-16,904,26216,1564.29,tablet,UK
G85526,C104,2024-12-16,926,43522,2261.42,tablet,IE
G36582,C104,2024-12-16,256,12032,534.26,desktop,FR
G83545,C112,2024-12-16,329,16779,655.87,desktop,US
G93890,C112,2024-12-16,161,9499,176.03,desktop,AU
G12606,C112,2024-12-16,406,6902,573.22,tablet,CA
G87399,C112,2024-12-16,152,5472,371.66,tablet,DE
G003,C103,2024-12-16,867,37281,1395.02,mobile,NZ
G90746,C103,2024-12-16,578,12716,441.82,desktop,US
G003,C103,2024-12-16,858,25740,1654.07,desktop,NZ
G58596,C109,2024-12-16,627,16929,1323.46,desktop,IT
G52958,C104,2024-12-17,30,1500,65.14,desktop,IT
G75231,C104,2024-12-17,809,27506,1192.64,tablet,FR
G37186,C104,2024-12-17,833,27489,1133.54,mobile,CA
G18203,C110,2024-12-17,307,17499,221.8,desktop,AU
G13506,C105,2024-12-17,397,9925,247.86,mobile,AU
G81481,C105,2024-12-17,178,11926,512.15,tablet,DE
G97008,C112,2024-12-17,131,8646,176.34,mobile,FR
G59295,C109,2024-12-17,522,9396,1358.88,mobile,IT
G53974,C108,2024-12-17,438,24528,759.62,desktop,IE
G14363,C108,2024-12-17,981,16677,1525.43,tablet,IT
G66359,C108,2024-12-17,908,19068,781.64,tablet,UK
G53974,C108,2024-12-17,920,44160,2236.43,desktop,US
G66512,C113,2024-12-18,367,15414,522.51,desktop,FR
G85660,C101,2024-12-18,204,8772,395.48,mobile,UK
G87714,C101,2024-12-18,800,44000,995.73,mobile,UK
G21556,C106,2024-12-18,721,10094,1085.65,desktop,FR
G92956,C106,2024-12-18,447,23244,734.69,mobile,ES
G43135,C106,2024-12-18,549,22509,1542.62,desktop,IE
G31067,C104,2024-12-18,544,21760,1222.69,desktop,FR
G44350,C104,2024-12-18,621,24840,1672.61,desktop,IT
G52958,C104,2024-12-18,512,26624,985.2,mobile,DE
G18203,C110,2024-12-18,269,16140,410.06,mobile,UK
G42655,C110,2024-12-18,876,58692,1540.98,mobile,IE
G75927,C110,2024-12-18,488,27816,1111.02,mobile,US
G53317,C112,2024-12-18,854,45262,2003.3,desktop,IE
G003,C103,2024-12-19,878,54436,2218.27,mobile,IE
G97008,C112,2024-12-19,829,33989,1034.65,tablet,ES
G97008,C112,2024-12-19,823,38681,896.77,tablet,US
G66419,C102,2024-12-19,391,15640,986.41,mobile,CA
G24274,C102,2024-12-19,300,13800,407.38,desktop,UK
G66419,C102,2024-12-19,896,42112,1795.61,tablet,IE
G74313,C102,2024-12-19,405,12150,1097.87,mobile,US
G27210,C113,2024-12-19,978,51834,628.51,tablet,CA
G13506,C105,2024-12-19,381,22479,1114.13,tablet,CA
G40828,C101,2024-12-19,561,29172,1284.8,tablet,US
G30292,C111,2024-12-19,253,3795,237.28,mobile,UK
G51396,C111,2024-12-19,344,22360,364.44,tablet,IE
G18399,C109,2024-12-19,345,23460,317.31,tablet,DE
G45947,C109,2024-12-19,543,27693,626.22,mobile,CA
G48567,C109,2024-12-19,225,6975,271.84,tablet,AU
G92956,C106,2024-12-20,816,11424,636.29,mobile,DE
G43135,C106,2024-12-20,544,37536,751.34,tablet,IT
G57941,C106,2024-12-20,874,25346,847.63,tablet,AU
G97278,C106,2024-12-20,484,33880,608.69,desktop,NZ
G16866,C102,2024-12-20,183,5307,526.43,desktop,IE
G52775,C102,2024-12-20,28,1008,49.11,tablet,US
G69984,C101,2024-12-20,818,45808,1275.76,desktop,DE
G52546,C101,2024-12-20,715,25740,1598.85,mobile,FR
G22860,C111,2024-12-20,878,48290,999.03,mobile,NZ
G22860,C111,2024-12-20,149,5662,346.71,desktop,US
G85642,C108,2024-12-20,322,9982,563.93,mobile,NZ
G66359,C108,2024-12-20,89,2759,70.59,mobile,NZ
G54622,C108,2024-12-20,515,23175,826.98,mobile,ES
G33047,C108,2024-12-20,291,16587,302.12,tablet,FR
G45947,C109,2024-12-20,225,10350,447.9,desktop,NZ
G37858,C107,2024-12-20,368,16928,834.79,desktop,DE
G39947,C107,2024-12-20,401,13233,561.63,tablet,IT
G81026,C102,2024-12-21,462,7392,677.6,mobile,FR
G92165,C109,2024-12-21,824,39552,1476.5,mobile,ES
G59295,C109,2024-12-21,790,35550,523.79,desktop,IE
G28223,C109,2024-12-21,404,4848,910.68,desktop,DE
G53974,C108,2024-12-21,539,19943,696.94,tablet,NZ
G70648,C108,2024-12-21,195,5460,485.51,mobile,AU
G25688,C108,2024-12-21,688,12384,1531.32,desktop,AU
G98428,C105,2024-12-21,150,7200,409.34,mobile,US
G56765,C105,2024-12-21,594,23166,559.47,mobile,AU
G85812,C105,2024-12-21,151,8154,402.33,desktop,IT
G70192,C105,2024-12-21,401,15238,625.02,tablet,CA
G27210,C113,2024-12-21,181,2353,242.59,mobile,IE
G47051,C113,2024-12-21,347,21861,586.26,tablet,CA
G73893,C112,2024-12-21,447,21009,639.52,desktop,UK
G87399,C112,2024-12-21,738,16974,1440.05,mobile,CA
G43003,C112,2024-12-21,902,60434,1373.57,desktop,US
G87399,C112,2024-12-21,754,30160,790.6,tablet,DE
G39947,C107,2024-12-21,827,33080,1572.16,tablet,DE
G39947,C107,2024-12-21,531,6372,805.52,mobile,FR
G26054,C107,2024-12-21,835,25050,841.86,desktop,NZ
G90746,C103,2024-12-21,967,15472,1690.62,tablet,US
G90746,C103,2024-12-21,942,13188,2122.53,mobile,IT
G003,C103,2024-12-22,463,30095,1057.0,mobile,FR
G90746,C103,2024-12-22,796,50944,557.53,desktop,CA
G90746,C103,2024-12-22,317,5389,396.31,tablet,UK
G50327,C105,2024-12-22,299,3588,424.41,tablet,IT
G50327,C105,2024-12-22,889,47117,1899.24,mobile,DE
G11989,C111,2024-12-22,706,29652,853.0,tablet,UK
G96287,C111,2024-12-22,954,51516,1983.45,mobile,ES
G58747,C111,2024-12-22,887,51446,1901.37,desktop,CA
G30292,C111,2024-12-22,129,4515,328.96,mobile,ES
G66359,C108,2024-12-22,726,21780,1061.0,desktop,IT
G84871,C108,2024-12-22,884,59228,987.93,tablet,ES
G96420,C108,2024-12-22,585,25155,736.86,tablet,AU
G10048,C107,2024-12-22,731,16082,981.96,tablet,CA
G39947,C107,2024-12-22,77,2464,135.62,mobile,CA
G71230,C107,2024-12-22,931,28861,1930.18,tablet,NZ
G66512,C113,2024-12-22,952,64736,720.98,mobile,UK
G27210,C113,2024-12-22,343,5831,229.6,desktop,UK
G52546,C101,2024-12-22,335,6030,991.62,mobile,UK
G14467,C106,2024-12-22,612,21420,1358.65,mobile,IE
G43135,C106,2024-12-22,355,11360,543.23,tablet,IE
G27502,C106,2024-12-22,802,54536,2189.53,desktop,NZ
G73709,C111,2024-12-23,858,12012,1717.24,tablet,IT
G82666,C109,2024-12-23,493,25636,814.71,desktop,UK
G92165,C109,2024-12-23,649,38291,1434.52,tablet,US
G88406,C109,2024-12-23,745,11175,2174.68,tablet,DE
G59108,C107,2024-12-23,401,9624,903.26,tablet,IT
G69827,C107,2024-12-23,124,6448,164.46,tablet,CA
G42502,C107,2024-12-23,680,30600,1234.9,desktop,ES
G10608,C107,2024-12-23,813,31707,1438.44,tablet,AU
G51390,C103,2024-12-23,725,42050,450.88,tablet,UK
G90746,C103,2024-12-23,709,8508,2084.45,desktop,CA
G92956,C106,2024-12-23,642,29532,752.71,mobile,IT
G27502,C106,2024-12-23,551,19836,537.12,tablet,UK
G87541,C106,2024-12-23,242,11132,203.01,tablet,UK
G42655,C110,2024-12-23,387,17028,746.4,mobile,IE
G90525,C110,2024-12-23,85,5100,177.71,mobile,UK
G42655,C110,2024-12-23,722,33212,1325.55,desktop,ES
G59086,C110,2024-12-23,491,16694,888.36,tablet,CA
G69984,C101,2024-12-23,833,42483,1114.03,mobile,US
G16866,C102,2024-12-23,317,7608,693.13,tablet,CA
G24274,C102,2024-12-23,411,14385,804.48,desktop,IT
G57745,C102,2024-12-23,301,14749,451.28,desktop,US
G25066,C102,2024-12-23,272,10064,686.68,desktop,FR
G56765,C105,2024-12-24,40,680,80.03,tablet,FR
G14214,C105,2024-12-24,477,23850,1339.5,tablet,ES
G61117,C105,2024-12-24,708,18408,897.84,mobile,IT
G32097,C112,2024-12-24,918,38556,598.81,mobile,AU
G14363,C108,2024-12-24,141,3807,393.64,tablet,ES
G69736,C108,2024-12-24,98,6370,214.82,tablet,ES
G53445,C108,2024-12-24,344,18576,598.41,mobile,UK
G92956,C106,2024-12-24,204,8568,532.14,mobile,IE
G92979,C106,2024-12-24,831,21606,729.89,mobile,US
G50199,C110,2024-12-24,724,44164,790.87,mobile,NZ
G91002,C112,2024-12-25,170,3740,143.73,tablet,US
G27210,C113,2024-12-25,261,10440,228.45,desktop,US
G93180,C110,2024-12-25,906,42582,1975.72,mobile,DE
G50199,C110,2024-12-25,218,3706,242.22,mobile,DE
G59086,C110,2024-12-25,221,8840,493.54,desktop,IE
G42655,C110,2024-12-25,715,30745,523.4,desktop,FR
G69984,C101,2024-12-25,775,10075,1137.99,desktop,DE
G15202,C101,2024-12-25,396,16632,1143.48,mobile,FR
G89067,C105,2024-12-25,300,16500,335.98,tablet,IE
G94026,C105,2024-12-25,968,18392,2152.98,tablet,NZ
G99178,C105,2024-12-25,263,12624,677.64,mobile,IE
G81082,C106,2024-12-25,645,45150,1046.59,desktop,UK
G14467,C106,2024-12-25,1000,41000,2059.48,mobile,US
G78089,C106,2024-12-25,32,1088,25.76,desktop,IE
G11937,C107,2024-12-25,897,13455,1692.44,desktop,IE
G84871,C108,2024-12-25,723,41934,534.46,tablet,FR
G85642,C108,2024-12-25,891,46332,1741.24,tablet,UK
G69736,C108,2024-12-25,93,3255,105.65,desktop,DE
G84871,C108,2024-12-25,718,47388,624.22,tablet,AU
G50199,C110,2024-12-26,563,32091,1623.08,tablet,AU
G50199,C110,2024-12-26,711,9243,1226.96,desktop,US
G42655,C110,2024-12-26,910,57330,1986.97,mobile,US
G97278,C106,2024-12-26,552,22632,1541.91,desktop,US
G78766,C106,2024-12-26,919,42274,2670.61,tablet,NZ
G27502,C106,2024-12-26,338,11492,686.3,mobile,NZ
G89710,C108,2024-12-26,498,25896,333.06,tablet,IT
G27227,C109,2024-12-26,618,43260,1541.29,mobile,CA
G22860,C111,2024-12-26,844,27852,1328.56,mobile,NZ
G96287,C111,2024-12-26,761,46421,2134.77,desktop,FR
G30292,C111,2024-12-26,195,12675,560.39,desktop,DE
G69827,C107,2024-12-26,57,2793,88.93,tablet,AU
G18039,C107,2024-12-26,704,49280,704.63,tablet,IE
G79500,C107,2024-12-26,340,4080,354.54,mobile,NZ
G61133,C107,2024-12-26,519,17127,984.12,desktop,CA
G13130,C104,2024-12-27,399,7581,405.27,mobile,AU
G52958,C104,2024-12-27,360,7560,361.97,desktop,CA
G47665,C103,2024-12-27,175,12075,186.59,tablet,FR
G51390,C103,2024-12-27,423,7191,500.5,mobile,NZ
G51396,C111,2024-12-27,190,2280,443.48,desktop,US
G73709,C111,2024-12-27,815,48900,1029.57,mobile,AU
G27867,C112,2024-12-27,707,14847,850.15,mobile,AU
G56396,C113,2024-12-27,680,36720,464.89,mobile,IT
G46835,C109,2024-12-27,777,42735,1037.8,tablet,AU
G58596,C109,2024-12-27,994,46718,1737.16,desktop,US
G88406,C109,2024-12-27,809,44495,1724.9,tablet,DE
G81082,C106,2024-12-27,739,48774,1430.92,desktop,CA
G14467,C106,2024-12-27,185,5735,480.55,desktop,IE
G43135,C106,2024-12-27,371,14469,566.72,desktop,IE
G33047,C108,2024-12-27,850,47600,2309.94,desktop,IT
G32746,C108,2024-12-27,800,14400,1743.76,desktop,ES
G70648,C108,2024-12-27,785,32185,2147.91,tablet,NZ
G90830,C107,2024-12-28,186,3534,519.0,mobile,IT
G83479,C109,2024-12-28,464,10208,381.42,mobile,AU
G58596,C109,2024-12-28,994,14910,1586.77,desktop,NZ
G10909,C102,2024-12-28,968,45496,1570.28,mobile,UK
G64421,C102,2024-12-28,464,23664,1058.39,mobile,CA
G25066,C102,2024-12-28,505,28785,1415.53,desktop,AU
G36606,C106,2024-12-28,133,9310,283.37,tablet,US
G92956,C106,2024-12-28,407,25641,1018.57,tablet,FR
G50605,C105,2024-12-28,61,2013,119.49,mobile,IE
G74478,C105,2024-12-28,171,7524,353.85,tablet,CA
G78160,C105,2024-12-28,417,26271,618.49,tablet,DE
G85660,C101,2024-12-28,658,30926,1362.81,desktop,IE
G003,C103,2024-12-28,542,23848,1587.07,mobile,AU
G47665,C103,2024-12-28,284,12212,747.27,mobile,IE
G87399,C112,2024-12-29,122,2318,141.83,desktop,IE
G53317,C112,2024-12-29,551,17632,1371.94,tablet,NZ
G13130,C104,2024-12-29,252,12096,569.81,tablet,ES
G85526,C104,2024-12-29,22,748,22.24,tablet,AU
G75231,C104,2024-12-29,497,7455,780.72,mobile,US
G57593,C108,2024-12-29,893,20539,1328.29,mobile,US
G43343,C101,2024-12-29,491,17676,825.92,tablet,US
G87714,C101,2024-12-29,923,27690,1167.85,mobile,CA
G43343,C101,2024-12-29,666,23976,929.78,mobile,CA
G001,C101,2024-12-29,340,4760,852.2,desktop,DE
G18039,C107,2024-12-29,223,5798,161.21,tablet,CA
G71230,C107,2024-12-29,797,50211,1302.34,desktop,AU
G86600,C107,2024-12-29,448,21056,752.62,tablet,UK
G86600,C107,2024-12-29,565,37290,1372.66,mobile,DE
G20490,C113,2024-12-29,236,14868,684.27,tablet,FR
G25564,C113,2024-12-29,558,32922,1226.84,desktop,IE
G66512,C113,2024-12-29,695,13900,795.94,mobile,NZ
G10909,C102,2024-12-29,801,33642,2154.21,tablet,NZ
G52775,C102,2024-12-29,955,42975,2283.58,desktop,FR
G10909,C102,2024-12-29,59,2478,175.09,desktop,ES
G70623,C102,2024-12-29,66,3168,103.79,desktop,DE
G66597,C106,2024-12-29,291,4365,746.7,tablet,US
G87541,C106,2024-12-29,177,3540,303.47,tablet,US
G20655,C104,2024-12-30,193,11001,246.72,desktop,IE
G20655,C104,2024-12-30,402,19698,916.29,tablet,IT
G20628,C104,2024-12-30,626,13772,642.86,tablet,NZ
G59604,C105,2024-12-30,106,3922,243.01,tablet,AU
G76640,C105,2024-12-30,496,18848,716.52,mobile,DE
G77398,C105,2024-12-30,308,20328,687.53,tablet,ES
G94026,C105,2024-12-30,273,8463,360.93,tablet,DE
G87399,C112,2024-12-30,717,35133,772.15,mobile,IT
G83545,C112,2024-12-30,296,11840,723.04,mobile,AU
G38916,C110,2024-12-30,953,21919,2367.53,mobile,CA
G43343,C101,2024-12-30,702,14040,1220.52,tablet,NZ
G66512,C113,2024-12-30,494,16302,326.38,desktop,UK
G42387,C113,2024-12-30,231,13629,619.91,tablet,US
G57700,C113,2024-12-30,588,38808,1577.52,desktop,FR
G10909,C102,2024-12-30,979,51887,1141.57,mobile,ES
G10909,C102,2024-12-30,536,18224,430.0,tablet,CA
G57941,C106,2024-12-30,857,28281,1892.66,desktop,ES
G40060,C106,2024-12-30,876,42924,688.32,desktop,NZ
G27502,C106,2024-12-30,94,2538,83.66,mobile,US
G32051,C113,2024-12-31,967,41581,1263.65,desktop,US
G25564,C113,2024-12-31,547,22427,711.06,tablet,ES
G27210,C113,2024-12-31,219,15330,532.01,desktop,IE
G21831,C110,2024-12-31,413,9912,810.74,tablet,NZ
G87179,C105,2024-12-31,294,17640,501.02,tablet,IE
G83545,C112,2024-12-31,883,46799,1878.86,desktop,CA
G32097,C112,2024-12-31,804,45024,1475.63,desktop,IE
G83479,C109,2024-12-31,203,10150,480.16,desktop,US
G83479,C109,2024-12-31,182,11102,206.62,mobile,ES
G70623,C102,2024-12-31,541,15148,1194.1,mobile,ES
G75966,C111,2024-12-31,881,16739,1863.1,mobile,NZ
G73709,C111,2024-12-31,313,19406,892.16,mobile,FR
G27502,C106,2024-12-31,102,4080,270.84,desktop,FR
G94036,C110,2025-01-01,172,10320,462.53,desktop,NZ
G31417,C110,2025-01-01,368,20976,911.03,desktop,FR
G38916,C110,2025-01-01,386,16598,312.83,tablet,AU
G90525,C110,2025-01-01,718,16514,1628.44,mobile,CA
G42833,C105,2025-01-01,329,3948,844.94,tablet,AU
G78160,C105,2025-01-01,208,4368,531.95,tablet,FR
G50605,C105,2025-01-01,113,3390,85.51,mobile,NZ
G40712,C105,2025-01-01,548,18084,453.97,desktop,ES
G67087,C104,2025-01-01,948,16116,1032.77,desktop,FR
G45947,C109,2025-01-01,336,16464,966.55,tablet,FR
G66867,C109,2025-01-01,642,43014,1096.62,mobile,AU
G45947,C109,2025-01-01,393,19650,989.33,tablet,ES
G99595,C109,2025-01-01,781,49984,796.51,tablet,US
G56396,C113,2025-01-01,716,11456,1929.03,desktop,AU
G76794,C113,2025-01-01,58,3828,47.98,tablet,UK
G89710,C108,2025-01-01,187,11594,471.24,mobile,US
G33047,C108,2025-01-01,966,19320,1543.05,desktop,NZ
G27377,C108,2025-01-01,283,11886,561.35,mobile,IT
G96420,C108,2025-01-01,785,51025,2348.18,desktop,ES
G79500,C107,2025-01-01,228,14364,248.92,tablet,DE
G59108,C107,2025-01-01,378,9450,245.78,desktop,CA
G57864,C102,2025-01-01,111,6549,284.77,tablet,IT
G87399,C112,2025-01-02,440,15840,521.37,tablet,IE
G97008,C112,2025-01-02,264,6864,502.29,tablet,IE
G10204,C110,2025-01-02,562,15736,1145.22,desktop,US
G40472,C110,2025-01-02,658,19740,1578.24,mobile,IE
G90148,C110,2025-01-02,212,11236,162.1,desktop,UK
G47257,C101,2025-01-02,226,6780,151.18,tablet,DE
G52944,C101,2025-01-02,935,27115,932.74,desktop,DE
G69984,C101,2025-01-02,93,5859,255.53,mobile,NZ
G52546,C101,2025-01-02,706,26828,1727.29,desktop,CA
G50639,C108,2025-01-02,586,16408,792.04,mobile,ES
G43179,C108,2025-01-02,755,9815,2204.69,mobile,NZ
G79500,C107,2025-01-02,828,47196,1054.02,desktop,DE
G83479,C109,2025-01-02,600,19800,1447.88,tablet,ES
G39457,C109,2025-01-02,803,36938,1241.66,mobile,ES
G87494,C109,2025-01-02,473,10406,680.27,tablet,ES
G44350,C104,2025-01-02,656,34112,854.3,desktop,UK
G21842,C113,2025-01-02,974,39934,1854.81,mobile,IT
G98428,C105,2025-01-03,930,22320,2207.49,desktop,IT
G79581,C105,2025-01-03,355,22365,1037.06,tablet,FR
G42833,C105,2025-01-03,879,29886,2135.11,desktop,ES
G74478,C105,2025-01-03,524,28296,1120.37,tablet,CA
G76794,C113,2025-01-03,980,65660,2115.35,desktop,UK
G42387,C113,2025-01-03,621,32913,1652.95,desktop,IT
G56396,C113,2025-01-03,967,47383,1608.72,desktop,IE
G47642,C113,2025-01-03,872,49704,1456.64,desktop,IE
G003,C103,2025-01-03,537,37590,812.13,mobile,FR
G47665,C103,2025-01-03,49,980,119.42,desktop,IE
G51390,C103,2025-01-03,367,7707,801.89,desktop,NZ
G21556,C106,2025-01-03,245,10780,500.87,desktop,NZ
G79500,C107,2025-01-03,736,50048,1260.07,tablet,ES
G92570,C107,2025-01-03,788,36248,508.31,tablet,US
G86600,C107,2025-01-03,666,10656,687.25,tablet,CA
G51396,C111,2025-01-03,774,11610,955.31,desktop,US
G22860,C111,2025-01-03,932,62444,1666.16,tablet,ES
G74478,C105,2025-01-04,28,1932,49.26,desktop,IT
G85812,C105,2025-01-04,136,7480,358.47,desktop,CA
G87898,C105,2025-01-04,174,7830,246.67,tablet,UK
G91859,C105,2025-01-04,498,24402,308.2,tablet,IE
G92877,C106,2025-01-04,201,13266,482.8,mobile,IE
G003,C103,2025-01-04,781,17963,1810.47,desktop,UK
G63697,C103,2025-01-04,66,2970,45.43,tablet,AU
G66668,C101,2025-01-04,65,4550,167.8,desktop,UK
G47257,C101,2025-01-04,425,17850,310.99,desktop,IT
G64421,C102,2025-01-04,74,962,156.12,tablet,NZ
G64421,C102,2025-01-04,779,27265,2068.81,mobile,CA
G32973,C102,2025-01-04,819,13923,2286.4,desktop,ES
G16686,C102,2025-01-04,99,2574,138.51,desktop,NZ
G63910,C109,2025-01-04,997,30907,2870.08,desktop,IT
G45947,C109,2025-01-04,567,13041,577.91,mobile,NZ
G51396,C111,2025-01-04,782,30498,1456.94,mobile,NZ
G83418,C111,2025-01-04,171,8208,333.4,mobile,NZ
G30292,C111,2025-01-04,418,19646,950.68,mobile,CA
G83418,C111,2025-01-04,512,27648,1225.22,tablet,ES
G36606,C106,2025-01-05,969,31977,2871.16,tablet,ES
G53317,C112,2025-01-05,460,30820,480.48,mobile,CA
G44350,C104,2025-01-05,504,15624,1381.44,desktop,NZ
G97849,C104,2025-01-05,408,22440,450.8,tablet,US
G53781,C104,2025-01-05,516,14448,738.8,mobile,US
G60222,C104,2025-01-05,840,57960,1862.85,tablet,DE
G72073,C111,2025-01-05,623,33642,1802.18,desktop,DE
G38201,C111,2025-01-05,133,8379,159.97,tablet,ES
G83418,C111,2025-01-05,382,8022,1060.88,mobile,UK
G68831,C113,2025-01-05,167,9686,208.26,tablet,UK
G42502,C107,2025-01-05,131,2096,352.2,mobile,US
G11937,C107,2025-01-05,874,37582,1144.17,desktop,ES
G42502,C107,2025-01-05,954,38160,2164.72,desktop,NZ
G66359,C108,2025-01-05,473,17028,1368.17,tablet,DE
G66359,C108,2025-01-05,646,12274,953.81,mobile,IE
G33020,C108,2025-01-05,962,66378,1825.53,mobile,AU
G50327,C105,2025-01-05,196,2352,304.46,desktop,NZ
G50327,C105,2025-01-05,356,12104,243.72,tablet,UK
G96303,C109,2025-01-05,139,2780,87.91,desktop,CA
G88406,C109,2025-01-05,937,23425,1037.63,desktop,IE
G63910,C109,2025-01-05,919,63411,2091.13,desktop,US
G70623,C102,2025-01-06,686,8232,1326.97,mobile,IT
G66359,C108,2025-01-06,596,17880,1248.45,desktop,US
G84871,C108,2025-01-06,835,26720,1743.4,desktop,NZ
G98119,C108,2025-01-06,931,62377,1930.01,tablet,DE
G90196,C113,2025-01-06,831,23268,2362.77,tablet,CA
G15202,C101,2025-01-06,876,29784,1463.37,tablet,FR
G87714,C101,2025-01-06,204,13056,596.63,tablet,US
G52546,C101,2025-01-06,297,8910,722.83,desktop,ES
G87494,C109,2025-01-06,776,30264,1035.58,tablet,ES
G63910,C109,2025-01-06,739,11824,2067.42,mobile,AU
G87494,C109,2025-01-06,566,24904,407.77,desktop,NZ
G26921,C106,2025-01-06,163,3260,310.09,desktop,FR
G36606,C106,2025-01-06,505,8585,1436.16,desktop,CA
G26921,C106,2025-01-06,562,28662,1233.18,tablet,AU
G40470,C106,2025-01-06,828,17388,1986.85,tablet,NZ
G85113,C101,2025-01-07,60,1860,57.2,mobile,ES
G48211,C101,2025-01-07,104,2912,283.95,mobile,AU
G26665,C101,2025-01-07,861,37023,2177.28,desktop,NZ
G38201,C111,2025-01-07,114,3876,248.69,desktop,AU
G72251,C106,2025-01-07,648,13608,1854.15,tablet,US
G37323,C110,2025-01-07,703,29526,1872.61,tablet,CA
G93180,C110,2025-01-07,177,2478,243.72,mobile,DE
G66512,C113,2025-01-07,496,26784,629.87,mobile,NZ
G51390,C103,2025-01-07,196,3136,587.34,mobile,DE
G63697,C103,2025-01-07,736,24288,1133.51,desktop,AU
G24732,C103,2025-01-07,272,11696,346.03,tablet,FR
G30398,C103,2025-01-07,982,54010,1968.36,mobile,US
G69827,C107,2025-01-07,655,19650,1733.53,desktop,DE
G92096,C102,2025-01-07,653,28079,693.76,mobile,UK
G12813,C102,2025-01-07,524,23580,411.56,desktop,NZ
G92096,C102,2025-01-07,481,31265,1245.88,mobile,IE
G92096,C102,2025-01-07,716,32936,646.72,desktop,DE
G76456,C110,2025-01-08,589,37696,1736.68,desktop,UK
G38916,C110,2025-01-08,856,47936,2056.09,desktop,UK
G75927,C110,2025-01-08,641,22435,711.47,mobile,IE
G48567,C109,2025-01-08,511,31171,982.78,mobile,NZ
G87977,C107,2025-01-08,188,8460,262.34,desktop,UK
G37858,C107,2025-01-08,577,26542,430.53,desktop,UK
G87977,C107,2025-01-08,650,35100,689.09,tablet,FR
G85660,C101,2025-01-08,538,16140,675.21,desktop,ES
G47257,C101,2025-01-08,210,12600,158.33,desktop,CA
G57593,C108,2025-01-08,213,9159,481.79,tablet,UK
G89710,C108,2025-01-08,340,18700,454.15,tablet,IT
G42387,C113,2025-01-08,943,40549,1176.85,mobile,US
G97278,C106,2025-01-08,891,27621,1136.05,mobile,DE
G78089,C106,2025-01-08,341,14322,548.28,desktop,UK
G20628,C104,2025-01-08,145,7395,335.82,tablet,CA
G51381,C104,2025-01-08,699,26562,1663.06,tablet,IT
G43003,C112,2025-01-08,264,16632,406.31,desktop,IE
G31417,C110,2025-01-09,325,12675,626.06,mobile,US
G54622,C108,2025-01-09,671,33550,1296.95,tablet,IT
G85660,C101,2025-01-09,154,4774,172.71,tablet,ES
G43343,C101,2025-01-09,427,11529,745.96,tablet,UK
G52805,C101,2025-01-09,643,37937,1540.14,desktop,NZ
G58596,C109,2025-01-09,221,9061,451.65,tablet,DE
G83479,C109,2025-01-09,642,15408,652.99,desktop,CA
G66867,C109,2025-01-09,297,12474,260.98,tablet,IT
G99610,C111,2025-01-09,500,31000,1288.62,mobile,IT
G75966,C111,2025-01-09,976,43920,1716.29,tablet,CA
G75966,C111,2025-01-09,874,61180,2143.22,desktop,UK
G72073,C111,2025-01-09,507,18759,990.05,tablet,DE
G55946,C113,2025-01-09,369,4428,762.25,mobile,IE
G21159,C106,2025-01-09,591,24822,381.96,mobile,FR
G79754,C112,2025-01-09,401,5213,906.89,tablet,CA
G91002,C112,2025-01-09,954,20034,2493.65,tablet,UK
G43135,C106,2025-01-10,106,2226,236.24,desktop,AU
G36606,C106,2025-01-10,342,22914,954.05,tablet,IE
G18399,C109,2025-01-10,35,2170,38.82,tablet,NZ
G58596,C109,2025-01-10,619,24141,1683.73,mobile,ES
G92165,C109,2025-01-10,757,27252,1725.03,mobile,DE
G22461,C109,2025-01-10,346,7958,652.15,desktop,US
G55946,C113,2025-01-10,665,36575,596.32,mobile,NZ
G32051,C113,2025-01-10,774,26316,1222.88,mobile,ES
G97849,C104,2025-01-10,299,7176,550.24,tablet,US
G67087,C104,2025-01-10,862,12068,2210.59,mobile,AU
G85113,C101,2025-01-10,498,28884,675.63,tablet,IE
G62723,C110,2025-01-11,376,18424,729.24,mobile,IT
G90148,C110,2025-01-11,22,1452,25.02,mobile,FR
G50167,C110,2025-01-11,329,8225,463.29,desktop,CA
G52775,C102,2025-01-11,867,56355,1004.17,desktop,US
G98725,C102,2025-01-11,203,8526,538.58,mobile,FR
G92096,C102,2025-01-11,945,44415,2764.4,mobile,UK
G32973,C102,2025-01-11,449,13470,928.37,mobile,FR
G47665,C103,2025-01-11,912,56544,1393.94,tablet,DE
G59108,C107,2025-01-11,356,12104,978.04,mobile,AU
G84692,C107,2025-01-11,395,23305,1160.68,desktop,CA
G29318,C101,2025-01-11,572,25168,869.59,mobile,DE
G73354,C101,2025-01-11,934,58842,2210.86,mobile,IE
G29318,C101,2025-01-11,383,14937,1108.3,mobile,ES
G48211,C101,2025-01-11,95,4560,160.0,tablet,IE
G13130,C104,2025-01-11,501,21543,1168.3,tablet,DE
G85526,C104,2025-01-11,989,37582,2464.52,desktop,FR
G86118,C104,2025-01-11,569,30157,680.98,mobile,IE
G18305,C111,2025-01-11,145,3190,135.51,desktop,UK
G39534,C111,2025-01-11,791,10283,1132.01,tablet,IT
G83418,C111,2025-01-11,73,2920,159.37,tablet,ES
G99610,C111,2025-01-11,226,9040,587.39,tablet,DE
G85642,C108,2025-01-11,500,18000,1210.28,tablet,NZ
G54622,C108,2025-01-11,722,32490,1245.45,tablet,AU
G33020,C108,2025-01-11,813,15447,1828.67,tablet,FR
G96420,C108,2025-01-11,223,15387,238.19,desktop,NZ
G46665,C106,2025-01-12,123,4428,150.8,desktop,UK
G92877,C106,2025-01-12,395,13430,994.4,desktop,NZ
G11140,C106,2025-01-12,72,2664,194.55,mobile,FR
G21556,C106,2025-01-12,348,18444,985.96,desktop,DE
G97008,C112,2025-01-12,258,8514,472.02,tablet,IT
G18399,C109,2025-01-12,887,26610,2221.98,tablet,AU
G58596,C109,2025-01-12,364,18928,496.01,desktop,IE
G24732,C103,2025-01-12,456,23256,1353.1,desktop,US
G24732,C103,2025-01-12,671,37576,487.47,mobile,DE
G42134,C103,2025-01-12,391,8211,856.38,tablet,FR
G76456,C110,2025-01-12,146,10074,186.6,tablet,NZ
G38916,C110,2025-01-12,70,4130,104.87,tablet,ES
G37323,C110,2025-01-12,217,4123,308.5,tablet,IE
G78160,C105,2025-01-12,311,11196,497.68,desktop,US
G89067,C105,2025-01-12,296,12136,318.8,mobile,IE
G94026,C105,2025-01-12,675,29025,1309.91,tablet,FR
G58747,C111,2025-01-12,626,16276,428.73,desktop,CA
G73709,C111,2025-01-12,920,19320,2673.32,tablet,FR
G89346,C111,2025-01-12,843,29505,540.02,tablet,UK
G34335,C104,2025-01-12,678,11526,698.72,tablet,ES
G54622,C108,2025-01-12,688,41280,440.78,tablet,ES
G61937,C108,2025-01-12,343,4459,418.83,tablet,FR
G44163,C105,2025-01-13,682,23188,1126.68,mobile,NZ
G43976,C105,2025-01-13,197,10835,502.84,mobile,NZ
G39534,C111,2025-01-13,367,22754,981.25,mobile,IE
G72073,C111,2025-01-13,421,29470,285.56,desktop,US
G38201,C111,2025-01-13,700,28000,578.08,desktop,CA
G15202,C101,2025-01-13,851,18722,1214.84,mobile,AU
G26665,C101,2025-01-13,91,1365,89.51,desktop,UK
G40828,C101,2025-01-13,176,4576,144.47,tablet,US
G63697,C103,2025-01-13,72,1872,169.99,tablet,DE
G59637,C103,2025-01-13,831,24099,1950.35,tablet,FR
G97580,C108,2025-01-13,623,10591,1817.97,tablet,NZ
G33020,C108,2025-01-13,846,25380,1084.76,mobile,ES
G85642,C108,2025-01-13,773,24736,849.77,tablet,NZ
G66359,C108,2025-01-13,69,2829,94.91,tablet,CA
G42387,C113,2025-01-13,688,21328,1243.15,desktop,CA
G55737,C113,2025-01-13,600,19200,574.5,tablet,IE
G43003,C112,2025-01-14,548,28496,1050.51,desktop,CA
G27867,C112,2025-01-14,923,51688,1524.53,tablet,ES
G37186,C104,2025-01-14,412,16068,896.98,mobile,IT
G50605,C105,2025-01-14,246,10332,574.76,desktop,US
G74478,C105,2025-01-14,901,47753,2258.57,mobile,CA
G44163,C105,2025-01-14,798,19152,1714.99,mobile,US
G18135,C105,2025-01-14,741,39273,2210.18,tablet,FR
G51390,C103,2025-01-14,475,20900,1097.8,desktop,NZ
G96606,C103,2025-01-14,132,5412,173.03,desktop,FR
G003,C103,2025-01-14,957,61248,1357.67,desktop,FR
G40470,C106,2025-01-14,618,18540,428.1,mobile,DE
G78089,C106,2025-01-14,986,25636,2296.23,tablet,FR
G33665,C107,2025-01-14,196,7644,323.45,mobile,IT
G26054,C107,2025-01-14,164,6888,259.96,tablet,FR
G72073,C111,2025-01-15,171,10260,367.22,mobile,US
G18305,C111,2025-01-15,818,10634,1554.48,mobile,CA
G39534,C111,2025-01-15,656,43296,1279.73,desktop,NZ
G49338,C111,2025-01-15,401,22456,885.31,desktop,DE
G66359,C108,2025-01-15,975,29250,1068.31,mobile,IE
G70648,C108,2025-01-15,549,38430,1081.98,tablet,NZ
G53974,C108,2025-01-15,381,10287,1075.79,desktop,FR
G53445,C108,2025-01-15,525,22050,1005.71,desktop,CA
G37104,C104,2025-01-15,199,7761,422.1,desktop,US
G85526,C104,2025-01-15,23,1541,61.83,desktop,IT
G44350,C104,2025-01-15,887,12418,763.18,desktop,IE
G67429,C103,2025-01-15,600,36600,1172.55,tablet,FR
G73354,C101,2025-01-15,160,4160,311.9,mobile,IT
G29318,C101,2025-01-15,939,63852,947.0,desktop,CA
G85113,C101,2025-01-15,187,2431,536.18,desktop,IE
G52944,C101,2025-01-15,815,14670,698.75,mobile,FR
G69827,C107,2025-01-15,402,10854,930.65,mobile,ES
G73083,C107,2025-01-15,744,44640,573.42,tablet,IE
G10048,C107,2025-01-15,148,9916,214.99,mobile,US
G56755,C107,2025-01-15,559,26273,344.59,mobile,NZ
G25564,C113,2025-01-15,569,27312,343.14,tablet,IE
G55946,C113,2025-01-15,632,9480,1521.59,mobile,US
G37682,C113,2025-01-15,995,45770,1735.94,desktop,AU
G42387,C113,2025-01-15,329,8225,589.93,tablet,ES
G42655,C110,2025-01-16,877,36834,842.72,tablet,UK
G90746,C103,2025-01-16,674,23590,961.65,desktop,FR
G30398,C103,2025-01-16,539,20482,558.63,tablet,ES
G94359,C103,2025-01-16,937,62779,1605.82,mobile,AU
G13375,C103,2025-01-16,909,46359,1736.23,tablet,US
G46835,C109,2025-01-16,576,27072,670.99,mobile,AU
G51511,C109,2025-01-16,292,10512,238.37,mobile,ES
G58596,C109,2025-01-16,233,15844,322.59,desktop,CA
G82666,C109,2025-01-16,678,12204,1554.24,desktop,NZ
G84871,C108,2025-01-16,653,31344,1778.58,tablet,ES
G25688,C108,2025-01-16,476,20468,341.01,tablet,UK
G98725,C102,2025-01-16,941,53637,2639.7,desktop,NZ
G57745,C102,2025-01-16,498,23904,670.37,mobile,IE
G52775,C102,2025-01-16,623,35511,536.24,tablet,IE
G74485,C104,2025-01-16,358,23270,485.8,mobile,DE
G85911,C104,2025-01-16,763,39676,1828.08,desktop,CA
G68285,C104,2025-01-16,642,16050,620.68,tablet,IE
G90238,C112,2025-01-16,911,23686,1129.16,tablet,UK
G83545,C112,2025-01-16,265,3180,207.29,mobile,AU
G48963,C112,2025-01-16,412,6592,909.72,tablet,NZ
G27411,C105,2025-01-17,889,27559,2312.64,mobile,UK
G76640,C105,2025-01-17,216,15120,559.4,mobile,DE
G74766,C105,2025-01-17,358,6802,459.87,desktop,ES
G93890,C112,2025-01-17,407,21978,673.0,desktop,AU
G83636,C109,2025-01-17,927,11124,2261.05,mobile,DE
G96287,C111,2025-01-17,651,24087,612.63,mobile,IE
G73709,C111,2025-01-17,972,11664,1417.78,desktop,IE
G88301,C111,2025-01-17,669,21408,1208.46,tablet,AU
G62723,C110,2025-01-17,138,1932,279.0,tablet,IE
G90525,C110,2025-01-17,795,50085,1167.73,tablet,NZ
G82705,C110,2025-01-17,830,14110,1695.81,tablet,ES
G43135,C106,2025-01-17,808,42016,1545.2,tablet,NZ
G57941,C106,2025-01-17,348,14616,435.72,desktop,IE
G68641,C103,2025-01-17,78,3276,225.97,mobile,UK
G90746,C103,2025-01-17,465,13485,357.28,desktop,US
G13506,C105,2025-01-18,787,34628,1100.34,desktop,AU
G59604,C105,2025-01-18,154,3542,102.2,desktop,UK
G94026,C105,2025-01-18,700,47600,642.58,desktop,US
G74766,C105,2025-01-18,893,25004,1930.04,tablet,UK
G78766,C106,2025-01-18,37,1332,37.96,tablet,AU
G92956,C106,2025-01-18,526,21040,1313.13,desktop,NZ
G81082,C106,2025-01-18,166,10790,495.08,desktop,IT
G86279,C109,2025-01-18,190,10260,127.58,mobile,UK
G40691,C108,2025-01-18,409,20859,1198.85,mobile,DE
G84871,C108,2025-01-18,319,10846,371.34,desktop,IT
G97580,C108,2025-01-18,861,55965,1454.74,mobile,ES
G18190,C108,2025-01-18,685,23975,1397.63,tablet,NZ
G97008,C112,2025-01-18,77,4697,202.04,mobile,DE
G75942,C112,2025-01-18,374,13838,457.05,desktop,AU
G10608,C107,2025-01-18,978,63570,1196.84,tablet,CA
G48767,C107,2025-01-18,391,7429,919.45,mobile,CA
G73083,C107,2025-01-18,405,11340,896.78,tablet,AU
G23389,C107,2025-01-18,594,27324,379.03,desktop,IT
G18826,C108,2025-01-19,684,18468,1506.2,mobile,CA
G33020,C108,2025-01-19,950,20900,2269.0,desktop,NZ
G96528,C105,2025-01-19,339,12543,609.57,tablet,ES
G87898,C105,2025-01-19,182,12376,526.58,tablet,US
G89067,C105,2025-01-19,905,42535,2487.97,desktop,IT
G59896,C112,2025-01-19,595,13685,1293.13,desktop,DE
G97008,C112,2025-01-19,592,24864,1384.73,tablet,UK
G59295,C109,2025-01-19,270,13500,477.5,tablet,UK
G82873,C109,2025-01-19,163,8965,381.45,tablet,ES
G92979,C106,2025-01-19,955,56345,785.56,tablet,NZ
G26921,C106,2025-01-19,177,9558,205.72,mobile,FR
G14099,C110,2025-01-19,414,24840,320.06,tablet,CA
G76456,C110,2025-01-19,226,4972,269.41,desktop,AU
G14942,C107,2025-01-19,584,9344,1071.54,tablet,DE
G86439,C107,2025-01-19,606,19392,801.68,mobile,AU
G88301,C111,2025-01-19,243,11907,713.13,tablet,FR
G30292,C111,2025-01-19,944,11328,829.44,mobile,UK
G32566,C111,2025-01-19,839,26848,1455.29,tablet,IT
G75966,C111,2025-01-19,164,2296,370.3,tablet,FR
G94359,C103,2025-01-19,425,28475,976.59,desktop,FR
G48963,C112,2025-01-20,227,5675,594.45,tablet,IE
G75942,C112,2025-01-20,415,27805,510.05,mobile,FR
G24937,C112,2025-01-20,748,33660,1402.03,mobile,ES
G91002,C112,2025-01-20,583,19239,1434.86,mobile,UK
G30398,C103,2025-01-20,860,10320,1930.98,tablet,AU
G70243,C103,2025-01-20,871,58357,2241.56,desktop,NZ
G70658,C103,2025-01-20,97,5044,184.71,mobile,UK
G59295,C109,2025-01-20,975,64350,594.74,mobile,IE
G99595,C109,2025-01-20,839,27687,591.7,desktop,NZ
G88406,C109,2025-01-20,60,2760,173.46,mobile,FR
G53974,C108,2025-01-20,912,28272,1208.11,mobile,US
G20487,C108,2025-01-20,350,20650,251.21,desktop,AU
G40691,C108,2025-01-20,252,10584,626.77,tablet,IT
G66359,C108,2025-01-20,203,5887,441.93,tablet,FR
G82462,C111,2025-01-20,165,8085,450.0,desktop,AU
G74423,C111,2025-01-20,87,6090,135.11,tablet,FR
G88301,C111,2025-01-20,64,3392,116.0,desktop,NZ
G32566,C111,2025-01-20,531,20178,1534.74,mobile,DE
G21556,C106,2025-01-20,98,6566,136.51,desktop,IE
G92877,C106,2025-01-20,57,3135,113.99,tablet,AU
G92956,C106,2025-01-20,824,18952,2258.31,desktop,IT
G14467,C106,2025-01-20,177,3186,389.98,desktop,FR
G42833,C105,2025-01-20,568,29536,1578.15,mobile,CA
G87179,C105,2025-01-20,696,18096,446.11,mobile,AU
G10516,C105,2025-01-20,454,16798,399.9,mobile,UK
G77398,C105,2025-01-20,44,2288,63.55,desktop,NZ
G96420,C108,2025-01-21,437,13984,807.21,mobile,CA
G26665,C101,2025-01-21,293,15529,827.76,mobile,AU
G86926,C101,2025-01-21,552,19872,1187.31,mobile,IE
G29318,C101,2025-01-21,102,5406,203.41,desktop,DE
G26665,C101,2025-01-21,458,15114,1091.21,desktop,DE
G70623,C102,2025-01-21,143,9867,190.54,desktop,US
G24274,C102,2025-01-21,877,10524,2535.33,tablet,ES
G84791,C102,2025-01-21,843,36249,523.24,desktop,IT
G98725,C102,2025-01-21,407,18315,528.29,mobile,CA
G12606,C112,2025-01-21,92,6256,252.53,tablet,UK
G90238,C112,2025-01-21,53,2226,83.59,mobile,US
G30921,C103,2025-01-21,908,18160,2722.41,tablet,UK
G77461,C104,2025-01-21,658,38164,1787.96,tablet,DE
G42311,C104,2025-01-21,488,14152,380.8,mobile,ES
G97849,C104,2025-01-21,746,38046,965.34,desktop,AU
G75231,C104,2025-01-21,303,9393,190.1,desktop,AU
G52683,C106,2025-01-21,57,1596,98.57,tablet,IE
G14214,C105,2025-01-21,288,7200,450.62,tablet,IT
G94026,C105,2025-01-21,664,29216,1291.09,tablet,DE
G31397,C113,2025-01-22,792,11880,1532.01,tablet,IE
G90196,C113,2025-01-22,222,14208,277.3,tablet,IE
G53594,C113,2025-01-22,537,27387,646.93,desktop,AU
G39534,C111,2025-01-22,123,5904,256.98,mobile,US
G82462,C111,2025-01-22,222,4440,650.86,desktop,AU
G11989,C111,2025-01-22,629,43401,1307.23,desktop,UK
G74423,C111,2025-01-22,955,19100,2211.71,desktop,IT
G93606,C105,2025-01-22,74,3256,123.72,desktop,IE
G31067,C104,2025-01-22,522,22968,1114.17,tablet,NZ
G36582,C104,2025-01-22,498,25896,1189.18,tablet,FR
G57593,C108,2025-01-22,228,7068,343.57,tablet,DE
G40691,C108,2025-01-22,218,3924,185.16,tablet,DE
G50241,C108,2025-01-22,143,4433,329.56,desktop,ES
G84871,C108,2025-01-22,280,10920,810.33,mobile,IT
G63697,C103,2025-01-22,896,13440,1435.32,tablet,NZ
G52683,C106,2025-01-22,527,16337,994.34,tablet,IT
G17292,C106,2025-01-22,307,14429,216.35,desktop,CA
G81082,C106,2025-01-22,45,2385,43.13,tablet,US
G80530,C106,2025-01-22,215,7525,510.91,tablet,UK
G52805,C101,2025-01-22,132,5280,243.56,mobile,NZ
G86926,C101,2025-01-22,762,39624,2074.48,mobile,FR
G52944,C101,2025-01-22,536,18760,541.03,mobile,AU
G69984,C101,2025-01-22,470,5640,913.34,desktop,UK
G23260,C107,2025-01-22,79,3318,51.74,tablet,UK
G87977,C107,2025-01-22,688,27520,1372.6,mobile,DE
G19399,C108,2025-01-23,749,17227,1646.49,mobile,NZ
G13375,C103,2025-01-23,57,684,50.36,desktop,DE
G60682,C103,2025-01-23,90,5670,60.91,mobile,DE
G13375,C103,2025-01-23,265,12720,212.91,tablet,ES
G42134,C103,2025-01-23,904,28928,2493.1,tablet,IE
G87125,C104,2025-01-23,472,16048,1384.81,desktop,AU
G92610,C104,2025-01-23,994,23856,2828.13,desktop,NZ
G36582,C104,2025-01-23,218,5232,357.66,desktop,CA
G13064,C112,2025-01-23,197,6501,146.69,mobile,UK
G87399,C112,2025-01-23,59,3835,100.29,desktop,UK
G43003,C112,2025-01-23,494,19760,1269.16,tablet,IT
G21556,C106,2025-01-23,139,4448,283.2,desktop,FR
G26921,C106,2025-01-23,885,37170,1367.57,mobile,FR
G66419,C102,2025-01-23,252,6552,161.6,tablet,IE
G32973,C102,2025-01-23,808,29088,1288.38,mobile,IT
G92096,C102,2025-01-23,845,34645,1228.88,desktop,ES
G57745,C102,2025-01-23,596,33376,622.24,desktop,CA
G85947,C107,2025-01-23,516,30444,1188.17,mobile,IE
G56755,C107,2025-01-23,852,53676,1964.14,tablet,ES
G30292,C111,2025-01-23,96,4704,249.22,desktop,AU
G11393,C111,2025-01-23,572,32604,808.14,mobile,FR
G38916,C110,2025-01-23,595,24395,1352.47,desktop,CA
G68714,C110,2025-01-23,515,19570,1151.07,tablet,US
G13723,C110,2025-01-23,145,9715,237.28,desktop,IT
G76358,C110,2025-01-23,551,13224,373.15,tablet,UK
G15085,C107,2025-01-24,879,11427,897.94,desktop,FR
G86926,C101,2025-01-24,261,10440,735.99,desktop,DE
G85660,C101,2025-01-24,785,40820,1151.47,mobile,UK
G59604,C105,2025-01-24,998,33932,1029.76,desktop,IT
G99178,C105,2025-01-24,616,38192,1595.43,mobile,DE
G74766,C105,2025-01-24,417,12927,1245.68,desktop,US
G43179,C108,2025-01-24,40,1720,33.22,desktop,US
G40691,C108,2025-01-24,235,9635,307.16,tablet,DE
G33020,C108,2025-01-24,387,18189,487.47,tablet,ES
G61937,C108,2025-01-24,315,17955,902.99,tablet,UK
G66419,C102,2025-01-24,215,6020,355.24,tablet,US
G49476,C102,2025-01-24,686,22638,982.75,tablet,UK
G40861,C102,2025-01-24,470,32900,379.26,tablet,AU
G25690,C102,2025-01-24,301,17157,436.49,desktop,FR
G13130,C104,2025-01-24,349,19544,781.19,desktop,NZ
G96606,C103,2025-01-24,885,10620,1080.97,desktop,CA
G30921,C103,2025-01-24,277,11634,509.77,desktop,US
G41135,C103,2025-01-24,754,29406,784.99,desktop,FR
G67429,C103,2025-01-24,674,14154,516.08,mobile,IE
G33201,C111,2025-01-24,206,8858,245.08,tablet,AU
G58747,C111,2025-01-24,821,40229,2393.89,mobile,IE
G51511,C109,2025-01-24,674,23590,1407.22,tablet,FR
G49410,C109,2025-01-24,230,15410,337.72,tablet,AU
G76702,C109,2025-01-24,310,14260,635.54,tablet,DE
G58596,C109,2025-01-24,808,12928,2165.9,mobile,IT
G10701,C113,2025-01-25,425,14450,833.35,desktop,DE
G55737,C113,2025-01-25,988,49400,857.01,desktop,US
G37682,C113,2025-01-25,694,36088,1927.78,tablet,FR
G25564,C113,2025-01-25,439,11853,962.62,mobile,DE
G12375,C108,2025-01-25,237,3318,555.13,tablet,IE
G66359,C108,2025-01-25,839,36077,1050.64,desktop,FR
G74478,C105,2025-01-25,620,21700,876.86,mobile,DE
G42744,C105,2025-01-25,256,4864,757.45,tablet,CA
G99610,C111,2025-01-25,485,31525,1343.95,mobile,UK
G47514,C111,2025-01-25,892,43708,757.2,desktop,UK
G39534,C111,2025-01-25,849,39054,1790.46,mobile,US
G49338,C111,2025-01-25,65,3250,154.4,desktop,UK
G90746,C103,2025-01-25,436,10900,479.45,mobile,CA
G23260,C107,2025-01-25,553,32074,1542.29,mobile,IT
G10048,C107,2025-01-25,591,31323,1674.38,desktop,US
G29318,C101,2025-01-25,914,48442,1212.12,tablet,FR
G92165,C109,2025-01-25,658,26320,1400.87,mobile,UK
G64344,C105,2025-01-26,490,26950,745.22,tablet,FR
G87935,C102,2025-01-26,529,36501,739.39,desktop,DE
G92096,C102,2025-01-26,914,57582,1553.27,mobile,DE
G66419,C102,2025-01-26,423,29610,772.16,desktop,FR
G18399,C109,2025-01-26,78,3042,78.65,mobile,DE
G91002,C112,2025-01-26,263,18147,656.42,tablet,ES
G24937,C112,2025-01-26,514,20560,1405.65,desktop,IT
G24937,C112,2025-01-26,99,2079,168.46,mobile,CA
G56396,C113,2025-01-26,847,29645,1508.16,desktop,CA
G55737,C113,2025-01-26,755,44545,1309.95,tablet,IT
G31397,C113,2025-01-26,696,30624,1270.6,desktop,IE
G20490,C113,2025-01-26,506,17204,1177.98,mobile,DE
G71230,C107,2025-01-26,898,34124,2372.3,tablet,US
G25379,C107,2025-01-26,372,13764,459.56,desktop,DE
G33020,C108,2025-01-26,386,11194,908.98,desktop,CA
G88301,C111,2025-01-26,429,21450,316.45,mobile,AU
G32566,C111,2025-01-26,891,43659,1103.87,desktop,NZ
G85911,C104,2025-01-26,604,15704,1396.08,tablet,FR
G37186,C104,2025-01-26,573,18336,1315.34,tablet,UK
G37621,C109,2025-01-27,256,15104,366.49,desktop,IT
G92165,C109,2025-01-27,241,2892,199.42,tablet,NZ
G74313,C102,2025-01-27,774,41022,2200.11,mobile,FR
G97179,C102,2025-01-27,821,30377,2196.58,desktop,US
G002,C102,2025-01-27,91,6097,84.67,desktop,NZ
G36606,C106,2025-01-27,25,575,25.62,mobile,IE
G92877,C106,2025-01-27,428,11128,1027.93,desktop,ES
G72251,C106,2025-01-27,76,4256,212.77,mobile,DE
G43003,C112,2025-01-27,497,30814,1129.08,desktop,CA
G53317,C112,2025-01-27,69,1311,87.59,mobile,AU
G87399,C112,2025-01-27,637,10192,1213.39,mobile,FR
G10791,C112,2025-01-27,662,15888,427.4,desktop,IT
G24817,C108,2025-01-27,187,9350,256.05,mobile,ES
G89346,C111,2025-01-27,206,10506,131.71,mobile,DE
G38201,C111,2025-01-27,678,15594,1823.88,desktop,FR
G10608,C107,2025-01-27,814,55352,732.09,tablet,IE
G85947,C107,2025-01-27,899,35061,1721.04,mobile,NZ
G19661,C107,2025-01-27,34,1972,63.98,tablet,IE
G15202,C101,2025-01-28,98,4312,220.9,mobile,US
G40828,C101,2025-01-28,239,9321,374.88,mobile,US
G49337,C101,2025-01-28,319,10208,372.45,mobile,CA
G26665,C101,2025-01-28,50,750,37.42,mobile,FR
G70243,C103,2025-01-28,450,7650,1165.89,desktop,CA
G63697,C103,2025-01-28,955,63985,1287.11,tablet,FR
G84742,C103,2025-01-28,201,3618,164.35,mobile,IE
G42919,C106,2025-01-28,62,2976,93.41,mobile,US
G26921,C106,2025-01-28,375,23625,696.18,desktop,DE
G52683,C106,2025-01-28,247,3458,716.19,mobile,ES
G57941,C106,2025-01-28,75,5175,72.86,mobile,UK
G44350,C104,2025-01-28,762,30480,1105.3,mobile,AU
G60222,C104,2025-01-28,33,1848,97.04,mobile,CA
G36582,C104,2025-01-28,579,27213,855.98,desktop,IT
G37186,C104,2025-01-28,238,12614,592.73,mobile,CA
G26054,C107,2025-01-28,465,18600,892.81,desktop,ES
G74423,C111,2025-01-28,872,39240,1767.08,tablet,CA
G58747,C111,2025-01-28,805,41055,1269.48,tablet,FR
G88377,C111,2025-01-28,459,16983,737.05,desktop,US
G18305,C111,2025-01-28,634,32968,828.48,mobile,NZ
G51511,C109,2025-01-28,462,18480,1333.75,desktop,ES
G71015,C102,2025-01-28,818,36810,2306.86,mobile,IE
G36536,C108,2025-01-28,380,9120,782.95,desktop,AU
G42833,C105,2025-01-29,123,7011,337.54,mobile,AU
G96528,C105,2025-01-29,245,14945,342.1,mobile,UK
G40712,C105,2025-01-29,440,27720,710.79,desktop,AU
G34335,C104,2025-01-29,138,7728,211.27,mobile,ES
G87125,C104,2025-01-29,511,14819,1260.86,tablet,IE
G18071,C104,2025-01-29,887,48785,2219.31,mobile,AU
G34335,C104,2025-01-29,130,2080,309.92,mobile,IT
G41460,C102,2025-01-29,456,7752,773.83,mobile,FR
G43343,C101,2025-01-29,568,11928,554.88,mobile,DE
G26665,C101,2025-01-29,246,9102,718.32,mobile,UK
G85113,C101,2025-01-29,83,5395,182.55,desktop,ES
G93180,C110,2025-01-29,916,47632,782.06,tablet,IE
G18685,C110,2025-01-29,299,7475,374.36,mobile,CA
G18685,C110,2025-01-29,694,21514,1024.54,desktop,IE
G50199,C110,2025-01-29,85,5695,107.77,tablet,DE
G73616,C112,2025-01-29,755,43790,603.13,desktop,UK
G48963,C112,2025-01-29,894,52746,689.74,tablet,DE
G79754,C112,2025-01-29,358,19332,590.12,mobile,US
G24937,C112,2025-01-29,175,5600,267.17,desktop,AU
G83418,C111,2025-01-29,233,16310,249.62,desktop,UK
G92202,C106,2025-01-29,161,3220,111.63,desktop,ES
G57941,C106,2025-01-29,271,10027,782.38,mobile,AU
G37104,C104,2025-01-30,102,5508,173.13,tablet,FR
G37858,C107,2025-01-30,254,13462,692.23,tablet,AU
G69827,C107,2025-01-30,764,45840,465.97,tablet,IE
G17552,C107,2025-01-30,55,3795,85.81,desktop,ES
G18039,C107,2025-01-30,325,20150,765.9,desktop,FR
G55737,C113,2025-01-30,954,58194,1608.06,mobile,AU
G31397,C113,2025-01-30,972,64152,832.08,mobile,FR
G37682,C113,2025-01-30,602,30100,1516.07,tablet,AU
G88406,C109,2025-01-30,915,12810,1841.51,desktop,UK
G99595,C109,2025-01-30,975,33150,2741.69,desktop,AU
G70658,C103,2025-01-30,161,7084,219.03,tablet,CA
G74423,C111,2025-01-30,409,28630,1072.2,mobile,IT
G30364,C111,2025-01-30,269,8339,644.04,mobile,US
G99610,C111,2025-01-30,398,11940,335.85,tablet,US
G26040,C112,2025-01-30,977,26379,1660.8,tablet,CA
G75942,C112,2025-01-30,839,34399,751.22,desktop,AU
G73616,C112,2025-01-30,697,33456,1285.84,tablet,ES
G93890,C112,2025-01-30,338,18590,203.73,mobile,NZ
G38591,C105,2025-01-30,733,32985,758.79,tablet,NZ
G38513,C106,2025-01-31,899,29667,1700.95,desktop,UK
G78766,C106,2025-01-31,464,18560,1220.1,tablet,CA
G81026,C102,2025-01-31,371,12985,450.85,desktop,DE
G52775,C102,2025-01-31,140,1820,322.14,desktop,IE
G46019,C102,2025-01-31,998,60878,2207.15,desktop,AU
G86118,C104,2025-01-31,720,46800,1558.77,tablet,UK
G44350,C104,2025-01-31,797,47820,546.44,desktop,CA
G68714,C110,2025-01-31,577,32312,861.42,desktop,US
G27227,C109,2025-01-31,505,6060,1131.66,desktop,US
G87494,C109,2025-01-31,168,11760,102.17,mobile,AU
G51511,C109,2025-01-31,230,11040,476.92,desktop,DE
G28124,C111,2025-01-31,685,16440,836.81,desktop,US
G50541,C111,2025-01-31,737,12529,940.75,desktop,DE
G50541,C111,2025-01-31,472,26904,1122.31,mobile,CA
G38591,C105,2025-01-31,459,30753,1071.35,desktop,FR
G37892,C105,2025-01-31,951,58962,2015.19,mobile,FR
G14214,C105,2025-01-31,760,24320,637.85,mobile,AU
G13506,C105,2025-01-31,803,37741,2283.64,tablet,DE
G90196,C113,2025-01-31,802,55338,1198.78,tablet,UK
G47642,C113,2025-01-31,631,23978,660.3,mobile,UK
G47642,C113,2025-01-31,213,7242,545.65,desktop,IE
G35082,C108,2025-01-31,43,1548,29.94,desktop,FR
G89710,C108,2025-01-31,931,21413,1386.8,mobile,UK
G32746,C108,2025-01-31,426,8946,1125.47,mobile,NZ
G33047,C108,2025-01-31,188,12408,123.68,tablet,US
G76358,C110,2025-02-01,351,10530,823.4,mobile,AU
G87260,C110,2025-02-01,963,20223,1014.04,tablet,US
G40472,C110,2025-02-01,25,1450,21.29,desktop,IT
G41096,C105,2025-02-01,46,1748,91.26,desktop,NZ
G43976,C105,2025-02-01,985,25610,1909.73,tablet,NZ
G39457,C109,2025-02-01,61,2867,170.81,tablet,CA
G95562,C109,2025-02-01,193,11773,258.43,mobile,IE
G52944,C101,2025-02-01,843,49737,565.81,tablet,UK
G79119,C101,2025-02-01,806,45136,1505.47,desktop,IE
G52546,C101,2025-02-01,748,20196,858.15,desktop,DE
G28363,C101,2025-02-01,586,33402,1133.08,tablet,UK
G96698,C104,2025-02-01,65,3315,51.52,mobile,IT
G82233,C104,2025-02-01,596,8344,802.32,tablet,DE
G20325,C103,2025-02-01,935,19635,885.43,desktop,DE
G73083,C107,2025-02-01,604,17516,1020.81,desktop,CA
G32973,C102,2025-02-01,171,3249,165.47,tablet,FR
G71015,C102,2025-02-01,498,10458,551.71,mobile,IE
G92096,C102,2025-02-01,161,2093,442.56,tablet,ES
G97276,C102,2025-02-01,646,31008,1826.62,desktop,IE
G66359,C108,2025-02-01,709,38995,948.74,desktop,FR
G40470,C106,2025-02-02,965,32810,793.21,tablet,IT
G37093,C102,2025-02-02,551,16530,1021.7,tablet,IE
G18214,C102,2025-02-02,497,25347,696.78,desktop,IT
G70243,C103,2025-02-02,113,4746,79.85,desktop,CA
G90746,C103,2025-02-02,476,31892,1177.02,mobile,DE
G47642,C113,2025-02-02,937,20614,1538.9,mobile,DE
G66512,C113,2025-02-02,123,5043,280.18,mobile,ES
G74752,C113,2025-02-02,540,30240,997.91,desktop,UK
G37682,C113,2025-02-02,384,9216,572.69,tablet,NZ
G42655,C110,2025-02-02,347,4511,988.64,tablet,UK
G89067,C105,2025-02-02,178,7654,261.63,mobile,IE
G74766,C105,2025-02-02,968,14520,2704.06,mobile,ES
G11393,C111,2025-02-02,346,20068,935.25,desktop,NZ
G39534,C111,2025-02-02,674,10110,1818.47,mobile,AU
G49338,C111,2025-02-02,685,45895,1594.28,tablet,ES
G56755,C107,2025-02-02,830,19090,1832.6,desktop,IE
G61133,C107,2025-02-02,191,9741,382.3,mobile,FR
G49410,C109,2025-02-02,825,51150,513.42,mobile,AU
G45947,C109,2025-02-02,967,34812,2402.42,mobile,NZ
G87494,C109,2025-02-02,815,47270,567.62,desktop,US
G89244,C109,2025-02-02,854,29890,2078.07,tablet,AU
G26040,C112,2025-02-03,610,36600,1297.03,tablet,IT
G43003,C112,2025-02-03,414,16974,587.72,desktop,FR
G59896,C112,2025-02-03,797,23910,851.45,mobile,NZ
G63910,C109,2025-02-03,294,4116,878.69,mobile,US
G70661,C109,2025-02-03,74,2664,157.6,desktop,FR
G26976,C109,2025-02-03,494,8892,1143.01,mobile,ES
G18399,C109,2025-02-03,210,3570,368.45,mobile,FR
G15202,C101,2025-02-03,254,12954,684.79,desktop,ES
G66668,C101,2025-02-03,48,1584,68.09,tablet,UK
G30908,C101,2025-02-03,361,4332,993.34,desktop,ES
G48153,C110,2025-02-03,503,21629,1403.49,tablet,ES
G90525,C110,2025-02-03,52,3120,147.64,mobile,IT
G21842,C113,2025-02-03,885,53100,773.69,desktop,UK
G57745,C102,2025-02-03,657,38763,1752.14,desktop,UK
G85642,C108,2025-02-03,105,2520,291.73,desktop,IE
G79144,C108,2025-02-03,987,32571,2532.95,mobile,US
G81082,C106,2025-02-03,103,3914,290.52,tablet,AU
G20094,C106,2025-02-03,139,5838,281.35,tablet,IT
G20094,C106,2025-02-03,686,12348,1601.31,tablet,IT
G89902,C106,2025-02-03,80,3040,156.11,mobile,DE
G11937,C107,2025-02-03,21,1071,24.37,desktop,US
G17552,C107,2025-02-03,534,24564,1579.15,desktop,CA
G96596,C109,2025-02-04,314,15700,286.85,mobile,DE
G50815,C109,2025-02-04,988,57304,2617.06,mobile,NZ
G88266,C109,2025-02-04,622,19282,1700.8,desktop,ES
G99595,C109,2025-02-04,145,4350,270.51,tablet,IE
G37186,C104,2025-02-04,159,6837,321.5,tablet,AU
G68285,C104,2025-02-04,682,16368,839.58,tablet,ES
G97849,C104,2025-02-04,784,53312,2129.82,mobile,NZ
G15044,C104,2025-02-04,97,3007,144.9,tablet,CA
G12594,C108,2025-02-04,501,14529,848.8,tablet,UK
G70648,C108,2025-02-04,938,54404,817.82,desktop,CA
G84871,C108,2025-02-04,503,6539,476.05,desktop,CA
G96420,C108,2025-02-04,799,46342,503.17,tablet,US
G31089,C113,2025-02-04,825,16500,2115.97,desktop,FR
G90196,C113,2025-02-04,227,15890,354.04,desktop,CA
G76794,C113,2025-02-04,28,924,40.73,desktop,DE
G76811,C101,2025-02-04,107,5992,206.95,tablet,US
G89346,C111,2025-02-04,100,3900,127.86,tablet,ES
G51396,C111,2025-02-04,865,50170,964.35,mobile,CA
G75966,C111,2025-02-04,398,11144,640.47,desktop,IT
G72073,C111,2025-02-04,233,13980,697.49,desktop,NZ
G75927,C110,2025-02-04,344,22704,967.37,mobile,US
G21831,C110,2025-02-04,563,6756,516.96,desktop,IT
G76456,C110,2025-02-04,355,14200,472.93,mobile,FR
G48767,C107,2025-02-04,42,1722,68.97,desktop,IT
G19661,C107,2025-02-04,484,7260,820.21,desktop,UK
G66419,C102,2025-02-04,755,32465,805.42,mobile,US
G16686,C102,2025-02-04,482,14942,901.78,tablet,DE
G41460,C102,2025-02-04,888,25752,2138.08,tablet,FR
G93890,C112,2025-02-05,175,11900,262.59,desktop,NZ
G12456,C112,2025-02-05,473,7568,1099.85,mobile,UK
G40407,C112,2025-02-05,172,4300,152.64,tablet,UK
G97276,C102,2025-02-05,573,24066,1619.01,desktop,FR
G58757,C105,2025-02-05,789,27615,873.59,desktop,US
G10516,C105,2025-02-05,644,18032,840.35,tablet,NZ
G42744,C105,2025-02-05,835,11690,2203.69,tablet,CA
G72055,C105,2025-02-05,724,44164,1576.16,mobile,FR
G35406,C107,2025-02-05,600,21000,1167.42,desktop,ES
G35763,C107,2025-02-05,124,6944,299.45,tablet,NZ
G66589,C107,2025-02-05,945,23625,2582.36,tablet,IT
G14099,C110,2025-02-05,89,3026,155.16,mobile,UK
G13168,C110,2025-02-05,977,35172,1452.62,desktop,NZ
G76833,C111,2025-02-05,477,6678,1246.98,desktop,IE
G88244,C111,2025-02-05,479,15807,1080.23,desktop,UK
G50541,C111,2025-02-05,86,5074,179.83,mobile,UK
G66677,C111,2025-02-05,598,31096,1271.02,mobile,AU
G82923,C108,2025-02-05,22,1540,18.41,mobile,IT
G35993,C108,2025-02-05,704,37312,1080.06,desktop,US
G25688,C108,2025-02-05,247,5434,720.69,mobile,IT
G90238,C112,2025-02-06,885,53985,1553.81,tablet,FR
G12606,C112,2025-02-06,426,14910,1096.38,mobile,FR
G17066,C112,2025-02-06,522,28710,692.61,tablet,DE
G93890,C112,2025-02-06,423,26649,931.47,desktop,UK
G56405,C109,2025-02-06,38,2622,45.89,tablet,DE
G72055,C105,2025-02-06,757,40878,919.96,mobile,US
G87179,C105,2025-02-06,552,18768,1141.1,mobile,CA
G44163,C105,2025-02-06,89,3827,96.13,mobile,NZ
G93032,C105,2025-02-06,910,26390,581.83,desktop,IT
G88377,C111,2025-02-06,125,3375,279.1,tablet,DE
G88301,C111,2025-02-06,336,8400,752.92,desktop,CA
G88244,C111,2025-02-06,680,34680,983.28,mobile,CA
G78766,C106,2025-02-06,940,52640,705.18,tablet,AU
G26921,C106,2025-02-06,622,27990,1268.36,tablet,IE
G81600,C106,2025-02-06,91,1456,129.19,mobile,NZ
G63697,C103,2025-02-06,317,4438,206.22,mobile,ES
G20172,C103,2025-02-06,600,34800,723.15,tablet,DE
G61447,C101,2025-02-06,298,10728,428.67,desktop,UK
G75203,C101,2025-02-06,719,13661,487.64,mobile,IT
G79119,C101,2025-02-06,451,8118,995.84,mobile,DE
G18039,C107,2025-02-06,317,12363,518.04,mobile,FR
G61133,C107,2025-02-06,502,9538,1295.85,desktop,CA
G66589,C107,2025-02-06,352,5280,790.75,desktop,UK
G98725,C102,2025-02-06,772,30108,541.18,tablet,CA
G46413,C102,2025-02-06,602,14448,850.83,mobile,DE
G88301,C111,2025-02-07,604,38052,1792.65,desktop,AU
G99595,C109,2025-02-07,20,1220,28.43,desktop,FR
G51511,C109,2025-02-07,224,9408,199.82,desktop,AU
G42744,C105,2025-02-07,250,15750,431.91,mobile,CA
G85812,C105,2025-02-07,558,12276,977.02,desktop,DE
G81481,C105,2025-02-07,928,39904,2214.43,desktop,FR
G87399,C112,2025-02-07,425,7225,835.15,mobile,FR
G66499,C112,2025-02-07,105,7035,201.06,mobile,IE
G26040,C112,2025-02-07,299,13455,211.26,desktop,DE
G53317,C112,2025-02-07,471,12717,1099.68,mobile,NZ
G37186,C104,2025-02-07,173,4844,265.84,tablet,NZ
G79500,C107,2025-02-07,562,37092,563.53,desktop,US
G42134,C103,2025-02-07,133,1862,372.06,tablet,FR
G96606,C103,2025-02-07,722,30324,480.72,tablet,IT
G003,C103,2025-02-07,108,1944,238.18,tablet,AU
G94359,C103,2025-02-07,710,20590,526.95,tablet,CA
G40828,C101,2025-02-07,130,4940,169.2,tablet,IT
G48211,C101,2025-02-07,884,30940,2257.98,desktop,US
G52683,C106,2025-02-07,118,5664,235.88,desktop,IT
G40060,C106,2025-02-07,731,17544,1596.18,tablet,CA
G19892,C106,2025-02-07,335,22110,984.35,tablet,ES
G36606,C106,2025-02-07,946,16082,936.29,mobile,ES
G46019,C102,2025-02-08,914,58496,1968.2,tablet,US
G55742,C102,2025-02-08,973,30163,1394.73,desktop,CA
G68285,C104,2025-02-08,861,55965,1369.11,tablet,UK
G85526,C104,2025-02-08,860,30960,563.48,desktop,UK
G20655,C104,2025-02-08,286,16588,237.9,desktop,AU
G90148,C110,2025-02-08,139,7645,408.67,tablet,US
G84871,C108,2025-02-08,973,33082,602.55,mobile,FR
G25648,C108,2025-02-08,882,45864,601.34,tablet,CA
G64344,C105,2025-02-08,816,36720,670.62,tablet,NZ
G78160,C105,2025-02-08,175,4725,483.44,tablet,FR
G32097,C112,2025-02-08,819,42588,668.05,mobile,IE
G51082,C112,2025-02-08,712,29904,825.46,mobile,DE
G92092,C112,2025-02-08,686,15778,1752.71,mobile,AU
G26040,C112,2025-02-08,23,1196,61.35,mobile,FR
G36606,C106,2025-02-08,898,36818,985.31,mobile,FR
G92979,C106,2025-02-08,857,12855,1212.3,desktop,IE
G28612,C106,2025-02-08,437,26657,1142.43,desktop,FR
G29938,C107,2025-02-08,848,32224,1661.65,tablet,US
G85947,C107,2025-02-09,714,48552,1332.8,mobile,CA
G66449,C107,2025-02-09,21,1428,14.46,desktop,UK
G14942,C107,2025-02-09,87,3480,248.69,tablet,AU
G82923,C108,2025-02-09,473,14190,834.0,tablet,US
G69736,C108,2025-02-09,622,20526,825.62,mobile,AU
G35082,C108,2025-02-09,711,29151,2010.09,desktop,ES
G35082,C108,2025-02-09,288,7200,720.31,desktop,IT
G52958,C104,2025-02-09,812,32480,1332.45,tablet,CA
G52775,C102,2025-02-09,632,20224,1585.03,mobile,IE
G17292,C106,2025-02-09,979,67551,2625.26,tablet,US
G17292,C106,2025-02-09,505,33835,603.94,tablet,NZ
G10791,C112,2025-02-09,396,21384,880.08,tablet,IT
G58747,C111,2025-02-09,431,10344,542.99,tablet,DE
G75966,C111,2025-02-09,817,51471,1560.63,tablet,CA
G62784,C105,2025-02-09,584,12848,1220.1,desktop,AU
G98666,C110,2025-02-09,687,37785,733.57,desktop,NZ
G89346,C111,2025-02-10,904,18080,2337.71,mobile,US
G42134,C103,2025-02-10,370,19610,996.24,tablet,IT
G29318,C101,2025-02-10,915,17385,1571.73,mobile,NZ
G87714,C101,2025-02-10,100,6100,158.84,desktop,US
G79119,C101,2025-02-10,567,29484,1670.47,desktop,FR
G69984,C101,2025-02-10,149,8344,334.54,desktop,CA
G55537,C113,2025-02-10,550,10450,616.37,desktop,US
G68831,C113,2025-02-10,639,19809,1818.18,mobile,DE
G42387,C113,2025-02-10,540,16200,1333.88,mobile,AU
G27210,C113,2025-02-10,840,12600,1891.71,mobile,CA
G74766,C105,2025-02-10,445,11570,878.54,desktop,ES
G38751,C105,2025-02-10,825,55275,1456.9,desktop,IT
G14214,C105,2025-02-10,346,23874,772.25,tablet,IT
G99178,C105,2025-02-10,294,8526,541.5,tablet,CA
G50167,C110,2025-02-10,989,42527,1072.74,tablet,FR
G47375,C110,2025-02-10,380,8360,303.27,mobile,ES
G86662,C110,2025-02-10,450,15750,913.55,desktop,AU
G35542,C102,2025-02-10,277,3878,571.31,desktop,ES
G40235,C102,2025-02-10,292,11972,556.85,desktop,UK
G27502,C106,2025-02-11,615,17220,1363.53,desktop,IE
G73614,C106,2025-02-11,476,18088,343.68,desktop,DE
G53781,C104,2025-02-11,789,32349,1634.24,desktop,US
G36582,C104,2025-02-11,717,39435,780.61,tablet,FR
G37186,C104,2025-02-11,703,43586,1980.85,tablet,DE
G26054,C107,2025-02-11,76,1216,216.48,mobile,IT
G90830,C107,2025-02-11,239,14340,352.29,tablet,US
G72487,C107,2025-02-11,996,46812,2658.12,mobile,IT
G32051,C113,2025-02-11,139,8618,331.49,mobile,ES
G71464,C113,2025-02-11,946,30272,2638.65,mobile,ES
G80395,C113,2025-02-11,400,16400,404.94,tablet,FR
G57864,C102,2025-02-11,788,21276,1214.28,desktop,IT
G16866,C102,2025-02-11,956,16252,1259.18,tablet,ES
G002,C102,2025-02-11,764,31324,1450.36,tablet,DE
G92903,C102,2025-02-11,535,29960,882.04,desktop,ES
G14099,C110,2025-02-11,359,8257,767.81,mobile,IE
G54668,C110,2025-02-11,773,51018,2192.38,desktop,AU
G40472,C110,2025-02-11,738,9594,1949.53,tablet,FR
G11989,C111,2025-02-11,228,8208,546.04,tablet,AU
G74423,C111,2025-02-11,632,11376,410.41,desktop,CA
G32097,C112,2025-02-11,598,10764,1188.83,tablet,IT
G99810,C109,2025-02-11,681,27240,1075.94,tablet,ES
G45947,C109,2025-02-11,970,27160,1189.63,desktop,US
G10608,C107,2025-02-12,113,4746,125.11,mobile,IE
G11937,C107,2025-02-12,246,10824,230.86,desktop,UK
G72487,C107,2025-02-12,674,26286,1329.44,mobile,US
G28716,C102,2025-02-12,962,16354,1655.25,desktop,US
G97179,C102,2025-02-12,731,14620,1857.99,tablet,CA
G002,C102,2025-02-12,446,12042,1266.1,mobile,DE
G66061,C111,2025-02-12,611,20163,1177.49,desktop,IE
G63639,C111,2025-02-12,625,26250,1118.79,tablet,IT
G51936,C111,2025-02-12,317,15533,350.51,mobile,IE
G11140,C106,2025-02-12,326,7172,467.56,mobile,NZ
G77076,C106,2025-02-12,866,41568,2583.56,mobile,US
G001,C101,2025-02-12,397,19850,506.82,mobile,AU
G77568,C101,2025-02-12,21,525,47.14,tablet,FR
G12768,C113,2025-02-12,243,5346,623.03,mobile,IE
G31089,C113,2025-02-12,549,10431,789.81,desktop,FR
G46141,C108,2025-02-12,313,10016,339.23,mobile,NZ
G53974,C108,2025-02-12,742,25228,507.45,tablet,IT
G69736,C108,2025-02-12,184,4048,229.44,mobile,DE
G12606,C112,2025-02-12,861,44772,1716.26,mobile,UK
G91002,C112,2025-02-12,161,4508,418.75,mobile,IT
G61119,C112,2025-02-12,546,12012,511.69,desktop,CA
G12813,C102,2025-02-13,205,9225,204.27,desktop,NZ
G85660,C101,2025-02-13,491,17676,477.95,mobile,AU
G80041,C101,2025-02-13,654,17658,1288.73,desktop,NZ
G44202,C101,2025-02-13,718,43798,868.02,mobile,CA
G85660,C101,2025-02-13,654,35970,1381.37,tablet,AU
G88244,C111,2025-02-13,271,8401,528.64,mobile,IT
G51396,C111,2025-02-13,841,10933,1742.04,desktop,AU
G12229,C110,2025-02-13,949,66430,837.63,desktop,DE
G89710,C108,2025-02-13,609,30450,586.09,tablet,US
G33047,C108,2025-02-13,387,16254,1031.41,tablet,AU
G15767,C105,2025-02-13,744,38688,1278.86,desktop,US
G99595,C109,2025-02-13,990,60390,2683.04,tablet,FR
G22461,C109,2025-02-13,549,19764,464.77,desktop,NZ
G95562,C109,2025-02-13,584,35040,352.25,desktop,ES
G53317,C112,2025-02-13,750,20250,2103.61,mobile,IE
G48963,C112,2025-02-13,138,3864,392.36,mobile,ES
G38801,C112,2025-02-13,482,23136,1006.34,mobile,UK
G30398,C103,2025-02-13,816,39984,1776.23,mobile,US
G72251,C106,2025-02-13,790,38710,886.26,tablet,DE
G48567,C109,2025-02-14,272,9520,360.86,mobile,CA
G42311,C104,2025-02-14,820,48380,1242.14,desktop,AU
G37104,C104,2025-02-14,810,32400,1997.58,desktop,US
G75231,C104,2025-02-14,138,4140,185.44,desktop,IE
G66668,C101,2025-02-14,719,29479,759.66,desktop,AU
G24123,C101,2025-02-14,776,27160,2035.5,tablet,FR
G86926,C101,2025-02-14,792,31680,1656.76,mobile,IT
G92903,C102,2025-02-14,165,3465,197.14,mobile,DE
G30251,C102,2025-02-14,859,42091,1298.93,desktop,AU
G35993,C108,2025-02-14,48,2352,52.95,mobile,DE
G46636,C105,2025-02-14,283,19810,767.81,tablet,CA
G74424,C111,2025-02-14,30,900,75.96,desktop,CA
G90196,C113,2025-02-14,629,20128,1249.8,tablet,ES
G71464,C113,2025-02-14,173,9169,419.23,desktop,NZ
G99889,C113,2025-02-14,97,5335,221.55,tablet,UK
G57830,C113,2025-02-14,871,13936,1192.23,desktop,NZ
G90238,C112,2025-02-14,98,3332,191.26,mobile,DE
G97008,C112,2025-02-14,809,29124,1098.99,tablet,DE
G17066,C112,2025-02-14,95,2280,146.39,mobile,US
G56272,C112,2025-02-14,672,16128,1031.5,tablet,FR
G48057,C107,2025-02-14,383,7660,616.31,mobile,CA
G43961,C107,2025-02-14,397,25805,322.63,desktop,DE
G97849,C104,2025-02-15,325,21775,415.59,desktop,DE
G38985,C104,2025-02-15,529,12167,347.78,desktop,NZ
G75231,C104,2025-02-15,981,38259,1311.94,desktop,UK
G51381,C104,2025-02-15,445,5785,1015.66,tablet,NZ
G79119,C101,2025-02-15,355,24850,936.45,desktop,US
G85113,C101,2025-02-15,946,19866,2161.34,tablet,UK
G40828,C101,2025-02-15,473,8514,1385.39,mobile,UK
G85660,C101,2025-02-15,534,24030,1059.71,tablet,FR
G64344,C105,2025-02-15,680,23800,999.2,tablet,CA
G42833,C105,2025-02-15,928,16704,2180.9,desktop,IT
G32566,C111,2025-02-15,686,29498,952.79,desktop,US
G88301,C111,2025-02-15,391,20723,718.0,desktop,US
G73616,C112,2025-02-15,204,11016,478.42,tablet,UK
G92092,C112,2025-02-15,612,42228,1717.77,mobile,CA
G38801,C112,2025-02-15,431,12068,448.19,desktop,FR
G27867,C112,2025-02-15,517,33088,1206.13,mobile,ES
G82721,C108,2025-02-15,974,40908,1668.82,tablet,AU
G82923,C108,2025-02-15,973,46704,2220.64,desktop,US
G59518,C106,2025-02-15,204,7752,185.08,desktop,FR
G38513,C106,2025-02-15,537,25239,492.87,mobile,IE
G30182,C106,2025-02-15,348,14964,504.78,desktop,AU
G30251,C102,2025-02-15,411,16851,1132.6,tablet,NZ
G66449,C107,2025-02-15,234,15444,517.24,mobile,CA
G67993,C107,2025-02-15,564,7332,932.83,mobile,IT
G23389,C107,2025-02-15,420,14280,763.62,mobile,FR
G19661,C107,2025-02-15,665,28595,594.48,tablet,DE
G18685,C110,2025-02-15,43,1290,116.73,tablet,CA
G57830,C113,2025-02-15,599,15574,1521.42,desktop,FR
G58603,C113,2025-02-15,586,16408,532.05,mobile,AU
G64243,C113,2025-02-15,106,3286,108.65,desktop,DE
G46989,C104,2025-02-16,566,38488,1125.55,desktop,AU
G75231,C104,2025-02-16,877,55251,1828.27,mobile,IT
G60222,C104,2025-02-16,304,8512,766.51,tablet,FR
G34335,C104,2025-02-16,820,56580,1547.49,desktop,FR
G75966,C111,2025-02-16,271,9214,722.24,desktop,FR
G61117,C105,2025-02-16,277,17451,254.62,mobile,CA
G27599,C105,2025-02-16,619,25998,1247.16,desktop,ES
G38751,C105,2025-02-16,119,7973,279.34,tablet,IT
G69706,C108,2025-02-16,196,2352,575.68,desktop,AU
G82819,C108,2025-02-16,74,888,213.77,tablet,US
G88494,C113,2025-02-16,126,8442,366.49,desktop,IE
G74752,C113,2025-02-16,21,1197,55.68,tablet,UK
G55737,C113,2025-02-16,631,43539,1324.92,desktop,US
G37323,C110,2025-02-16,170,5610,498.78,desktop,NZ
G62723,C110,2025-02-16,569,21053,1511.41,mobile,ES
G14467,C106,2025-02-16,973,46704,587.18,tablet,DE
G40470,C106,2025-02-16,431,21119,1183.67,desktop,US
G67161,C101,2025-02-16,313,9077,762.98,mobile,FR
G67161,C101,2025-02-16,449,22001,897.77,mobile,CA
G61447,C101,2025-02-16,83,1079,158.81,tablet,DE
G30908,C101,2025-02-16,54,1026,97.27,mobile,FR
G12456,C112,2025-02-16,550,14850,1524.24,mobile,NZ
G91002,C112,2025-02-16,282,9588,308.37,mobile,FR
G27867,C112,2025-02-16,459,23409,885.83,desktop,IE
G89244,C109,2025-02-16,914,45700,1064.52,mobile,UK
G95562,C109,2025-02-16,34,680,51.65,mobile,CA
G15658,C107,2025-02-16,284,5680,202.55,mobile,US
G61133,C107,2025-02-16,987,54285,859.09,mobile,UK
G39947,C107,2025-02-16,950,57950,2195.25,mobile,DE
G26882,C107,2025-02-16,967,31911,2248.73,tablet,AU
G67161,C101,2025-02-17,636,33072,1101.44,tablet,IT
G20581,C101,2025-02-17,210,8190,459.28,desktop,IT
G46454,C101,2025-02-17,373,14547,784.92,mobile,ES
G51082,C112,2025-02-17,373,15666,572.18,tablet,DE
G86374,C112,2025-02-17,941,31053,570.83,desktop,CA
G87399,C112,2025-02-17,843,56481,874.79,tablet,FR
G27748,C109,2025-02-17,406,15022,499.23,tablet,CA
G48485,C109,2025-02-17,903,34314,1454.75,desktop,US
G75719,C109,2025-02-17,657,30222,473.33,tablet,DE
G37093,C102,2025-02-17,885,17700,2242.91,tablet,UK
G98725,C102,2025-02-17,429,11154,1015.87,desktop,FR
G66589,C107,2025-02-17,603,10854,567.63,mobile,DE
G26882,C107,2025-02-17,618,9888,1714.04,tablet,AU
G25379,C107,2025-02-17,436,10900,622.49,mobile,US
G37858,C107,2025-02-17,906,21744,1515.72,mobile,CA
G75231,C104,2025-02-17,83,4980,151.29,mobile,AU
G60222,C104,2025-02-17,535,8025,646.92,tablet,IT
G93180,C110,2025-02-17,43,1935,111.96,mobile,IE
G75927,C110,2025-02-17,32,1824,20.92,mobile,DE
G42655,C110,2025-02-17,994,44730,2227.41,desktop,US
G12229,C110,2025-02-17,120,4080,213.47,desktop,ES
G79144,C108,2025-02-17,366,15372,593.06,tablet,AU
G98859,C108,2025-02-17,431,16809,944.45,tablet,FR
G56753,C108,2025-02-17,28,840,68.67,mobile,IE
G34855,C113,2025-02-17,716,32220,1403.34,desktop,FR
G32051,C113,2025-02-17,715,42185,1074.74,tablet,NZ
G74752,C113,2025-02-17,156,10608,139.28,tablet,NZ
G35993,C108,2025-02-18,635,20955,1764.19,tablet,NZ
G69706,C108,2025-02-18,554,27146,1085.0,desktop,IE
G85113,C101,2025-02-18,602,19866,1692.83,mobile,IE
G47312,C101,2025-02-18,305,14640,510.11,mobile,US
G31082,C102,2025-02-18,658,9870,649.76,tablet,IT
G28716,C102,2025-02-18,728,32760,989.41,desktop,DE
G48604,C105,2025-02-18,466,30290,1221.46,desktop,DE
G42833,C105,2025-02-18,564,13536,1480.78,tablet,FR
G86439,C107,2025-02-18,187,6732,226.9,mobile,AU
G33954,C107,2025-02-18,654,16350,1106.1,mobile,ES
G75099,C107,2025-02-18,218,6976,516.69,desktop,AU
G90114,C107,2025-02-18,423,8460,878.47,tablet,NZ
G87541,C106,2025-02-18,423,13959,463.07,desktop,IE
G84727,C106,2025-02-18,507,8112,1140.2,mobile,IE
G92202,C106,2025-02-18,582,32592,793.52,tablet,CA
G66512,C113,2025-02-18,386,23546,351.8,mobile,FR
G20490,C113,2025-02-18,144,7200,325.93,desktop,AU
G20490,C113,2025-02-18,183,2196,489.72,desktop,IT
G27227,C109,2025-02-18,113,7797,115.14,desktop,IT
G84898,C111,2025-02-18,372,11904,237.22,desktop,UK
G13723,C110,2025-02-18,379,25772,585.1,tablet,US
G90148,C110,2025-02-18,109,6976,184.82,tablet,NZ
G14099,C110,2025-02-18,310,19530,789.94,mobile,UK
G50167,C110,2025-02-18,853,45209,2027.65,mobile,AU
G66668,C101,2025-02-19,164,7380,316.22,mobile,DE
G73354,C101,2025-02-19,276,13524,527.6,tablet,IT
G96420,C108,2025-02-19,55,2695,68.64,desktop,AU
G35082,C108,2025-02-19,254,3302,230.11,tablet,UK
G87660,C105,2025-02-19,835,20040,1571.89,tablet,IE
G46636,C105,2025-02-19,583,9911,1736.07,mobile,AU
G43976,C105,2025-02-19,441,11466,1132.69,tablet,US
G87660,C105,2025-02-19,546,32760,1599.3,desktop,AU
G90830,C107,2025-02-19,690,32430,1680.24,tablet,US
G25379,C107,2025-02-19,594,13068,1075.89,desktop,ES
G13293,C107,2025-02-19,264,12144,506.38,tablet,IE
G10518,C107,2025-02-19,94,4136,220.33,mobile,NZ
G73893,C112,2025-02-19,264,10296,572.9,mobile,ES
G93890,C112,2025-02-19,692,42212,797.93,desktop,NZ
G42904,C112,2025-02-19,922,49788,2552.34,mobile,CA
G30251,C102,2025-02-19,165,5445,158.91,tablet,UK
G81026,C102,2025-02-19,862,43100,2499.74,mobile,US
G18214,C102,2025-02-19,957,38280,2847.75,tablet,ES
G20490,C113,2025-02-19,960,45120,986.32,mobile,DE
G62414,C113,2025-02-19,922,23972,2681.79,tablet,US
G71085,C110,2025-02-19,488,22448,1275.24,desktop,IE
G68714,C110,2025-02-19,461,16135,606.04,tablet,FR
G86662,C110,2025-02-19,506,27830,854.58,desktop,FR
G76456,C110,2025-02-19,817,20425,2287.38,tablet,IT
G80635,C104,2025-02-19,859,33501,1325.15,tablet,DE
G18071,C104,2025-02-19,277,17451,743.61,tablet,NZ
G72055,C105,2025-02-20,360,24840,280.12,mobile,IE
G78419,C105,2025-02-20,945,48195,2162.53,desktop,IT
G57009,C105,2025-02-20,355,11715,328.11,desktop,CA
G34335,C104,2025-02-20,33,528,48.31,tablet,US
G75231,C104,2025-02-20,423,16497,258.1,mobile,UK
G28124,C111,2025-02-20,760,32680,579.82,tablet,DE
G63639,C111,2025-02-20,559,24596,779.14,desktop,IE
G89346,C111,2025-02-20,682,10230,1045.93,mobile,IE
G28223,C109,2025-02-20,160,7520,395.24,tablet,IE
G88406,C109,2025-02-20,491,23568,974.76,desktop,DE
G48485,C109,2025-02-20,952,36176,1320.36,desktop,IE
G36606,C106,2025-02-20,361,21660,302.66,mobile,IT
G97278,C106,2025-02-20,365,24820,578.95,mobile,DE
G38801,C112,2025-02-20,181,3258,354.6,mobile,ES
G82426,C108,2025-02-20,606,19392,446.76,mobile,US
G61937,C108,2025-02-20,815,13855,629.57,tablet,IT
G50639,C108,2025-02-20,826,11564,1903.68,tablet,IE
G34016,C107,2025-02-20,571,16559,737.92,tablet,IT
G10608,C107,2025-02-20,926,40744,2743.26,mobile,AU
G54668,C110,2025-02-20,396,11484,362.87,tablet,US
G71085,C110,2025-02-20,566,34526,346.76,mobile,NZ
G10306,C110,2025-02-20,646,34238,961.73,mobile,CA
G56396,C113,2025-02-20,838,45252,648.73,mobile,CA
G55946,C113,2025-02-20,883,10596,2246.96,desktop,IT
G16324,C113,2025-02-20,509,32576,357.66,tablet,NZ
G96606,C103,2025-02-21,910,58240,2197.4,tablet,FR
G59637,C103,2025-02-21,530,7420,890.25,desktop,FR
G30398,C103,2025-02-21,942,41448,2722.17,mobile,DE
G32160,C103,2025-02-21,113,7797,202.24,tablet,CA
G10909,C102,2025-02-21,854,43554,1459.93,desktop,FR
G40472,C110,2025-02-21,953,18107,1813.53,desktop,US
G62571,C110,2025-02-21,948,32232,1697.88,tablet,ES
G62723,C110,2025-02-21,562,34844,1612.9,tablet,AU
G20094,C106,2025-02-21,707,21210,1010.65,desktop,IE
G60937,C106,2025-02-21,521,33865,1291.71,mobile,AU
G57941,C106,2025-02-21,842,16840,2345.1,mobile,IE
G20094,C106,2025-02-21,870,60030,1136.23,desktop,NZ
G46835,C109,2025-02-21,952,12376,1535.2,mobile,IE
G57466,C109,2025-02-21,999,30969,1559.25,mobile,FR
G88445,C109,2025-02-21,732,29280,2013.66,mobile,IE
G35859,C109,2025-02-21,236,6608,453.22,desktop,FR
G70962,C113,2025-02-21,834,10008,2090.27,desktop,CA
G27210,C113,2025-02-21,367,6606,866.06,mobile,IE
G75723,C107,2025-02-21,622,20526,397.11,desktop,CA
G43961,C107,2025-02-21,81,972,139.58,tablet,ES
G64437,C107,2025-02-21,236,9204,702.43,desktop,IE
G66449,C107,2025-02-21,657,38106,1023.01,tablet,IE
G77461,C104,2025-02-21,718,28002,1878.7,tablet,IT
G87125,C104,2025-02-21,968,22264,1539.99,mobile,UK
G82462,C111,2025-02-21,195,11700,336.67,desktop,NZ
G69706,C108,2025-02-21,624,28704,1572.06,desktop,IE
G82426,C108,2025-02-21,465,22785,1274.01,desktop,US
G87898,C105,2025-02-22,55,2420,68.31,mobile,IE
G43003,C112,2025-02-22,326,8476,676.11,tablet,FR
G27867,C112,2025-02-22,151,2265,206.37,tablet,NZ
G48963,C112,2025-02-22,364,21112,828.6,desktop,US
G51082,C112,2025-02-22,665,43225,1803.03,tablet,NZ
G89710,C108,2025-02-22,983,41286,2778.65,desktop,IE
G82819,C108,2025-02-22,764,52716,1057.57,desktop,FR
G39843,C108,2025-02-22,234,15678,236.34,tablet,IT
G37877,C111,2025-02-22,445,6230,1247.53,tablet,US
G10335,C111,2025-02-22,904,35256,1169.91,desktop,FR
G47376,C113,2025-02-22,169,6591,364.13,desktop,NZ
G45622,C113,2025-02-22,578,34102,908.86,mobile,IE
G81327,C113,2025-02-22,993,30783,1643.08,tablet,DE
G37682,C113,2025-02-22,76,2432,136.71,mobile,DE
G88406,C109,2025-02-22,978,43032,1208.07,mobile,AU
G76702,C109,2025-02-22,790,46610,1624.86,desktop,IE
G76702,C109,2025-02-22,635,25400,1841.73,tablet,UK
G70658,C103,2025-02-22,873,24444,2342.86,tablet,FR
G18214,C102,2025-02-22,691,20730,1673.66,desktop,US
G55742,C102,2025-02-22,476,28084,579.48,desktop,IT
G46413,C102,2025-02-22,466,31222,1002.22,desktop,UK
G38916,C110,2025-02-22,842,36206,1180.71,desktop,NZ
G87260,C110,2025-02-22,599,24559,857.09,mobile,FR
G48153,C110,2025-02-22,583,17490,1282.47,mobile,NZ
G89902,C106,2025-02-22,774,40248,1451.64,tablet,US
G84727,C106,2025-02-22,775,11625,831.32,desktop,US
G79009,C110,2025-02-23,838,55308,1681.86,mobile,AU
G38592,C102,2025-02-23,264,3960,725.53,mobile,DE
G92831,C102,2025-02-23,688,48160,1140.03,desktop,US
G82873,C109,2025-02-23,966,18354,1676.59,tablet,ES
G37621,C109,2025-02-23,688,11696,1609.48,desktop,US
G50815,C109,2025-02-23,645,25155,1851.9,mobile,CA
G83479,C109,2025-02-23,853,34973,2318.05,tablet,FR
G50327,C105,2025-02-23,269,8877,558.46,mobile,IT
G44350,C104,2025-02-23,887,43463,1117.5,desktop,DE
G37104,C104,2025-02-23,552,8280,437.82,tablet,UK
G74485,C104,2025-02-23,399,5985,273.22,tablet,NZ
G12605,C103,2025-02-23,526,15254,1416.05,tablet,ES
G003,C103,2025-02-23,198,7326,504.6,tablet,FR
G68641,C103,2025-02-23,904,33448,717.89,tablet,US
G76811,C101,2025-02-23,205,7790,544.83,mobile,IE
G17900,C111,2025-02-23,306,4284,340.11,mobile,IE
G49338,C111,2025-02-23,245,5635,326.68,tablet,US
G70866,C108,2025-02-23,140,7560,331.2,mobile,FR
G90312,C108,2025-02-23,891,22275,1224.2,desktop,UK
G83479,C109,2025-02-24,820,54120,2081.45,tablet,ES
G75719,C109,2025-02-24,808,31512,1741.49,mobile,FR
G49410,C109,2025-02-24,491,16203,310.77,mobile,US
G82233,C104,2025-02-24,681,21111,765.8,tablet,NZ
G74485,C104,2025-02-24,909,18180,774.62,tablet,DE
G40828,C101,2025-02-24,499,5988,1253.4,tablet,AU
G20581,C101,2025-02-24,721,37492,1280.02,desktop,FR
G37093,C102,2025-02-24,554,10526,786.69,mobile,UK
G21144,C102,2025-02-24,111,4107,128.98,tablet,UK
G97179,C102,2025-02-24,399,17157,520.7,mobile,IE
G25066,C102,2025-02-24,346,11072,977.89,tablet,ES
G38801,C112,2025-02-24,333,9324,863.13,tablet,CA
G26040,C112,2025-02-24,168,8400,436.1,tablet,IT
G67429,C103,2025-02-24,60,1260,147.22,mobile,CA
G24009,C103,2025-02-24,757,9841,1158.69,tablet,US
G35993,C108,2025-02-24,741,32604,2007.3,mobile,NZ
G82923,C108,2025-02-24,833,52479,2123.01,mobile,AU
G32746,C108,2025-02-24,379,8717,919.51,tablet,AU
G82426,C108,2025-02-24,393,19650,413.36,tablet,AU
G66677,C111,2025-02-24,345,18285,516.98,tablet,IE
G43961,C107,2025-02-24,305,8845,220.96,mobile,CA
G12770,C107,2025-02-24,31,2139,24.49,desktop,IT
G75099,C107,2025-02-24,799,19176,2239.41,tablet,NZ
G33665,C107,2025-02-24,138,9522,316.97,tablet,IE
G40214,C105,2025-02-25,569,25605,1432.81,desktop,IT
G39457,C109,2025-02-25,870,48720,1399.62,mobile,FR
G95562,C109,2025-02-25,196,10584,284.52,tablet,NZ
G57466,C109,2025-02-25,423,15651,277.54,desktop,US
G27748,C109,2025-02-25,414,15732,358.12,mobile,FR
G37323,C110,2025-02-25,830,11620,2361.02,desktop,FR
G46766,C112,2025-02-25,114,3762,109.6,tablet,IE
G73893,C112,2025-02-25,218,5450,565.15,mobile,FR
G45991,C111,2025-02-25,310,17670,873.78,desktop,NZ
G66061,C111,2025-02-25,627,22572,1759.19,mobile,CA
G88301,C111,2025-02-25,274,15344,575.22,mobile,FR
G67993,C107,2025-02-25,398,11940,468.61,mobile,IT
G59108,C107,2025-02-25,733,27121,1175.21,mobile,IE
G19661,C107,2025-02-25,25,950,24.55,mobile,DE
G22755,C107,2025-02-25,919,30327,772.67,mobile,DE
G59637,C103,2025-02-25,153,6426,370.44,mobile,NZ
G32160,C103,2025-02-25,254,7112,153.1,tablet,DE
G67429,C103,2025-02-25,255,12750,230.42,desktop,IT
G21713,C108,2025-02-25,709,38286,592.21,desktop,ES
G77756,C108,2025-02-25,894,39336,1179.09,tablet,IT
G89902,C106,2025-02-25,730,40150,2057.07,desktop,IT
G78766,C106,2025-02-25,520,24960,1421.85,mobile,US
G61940,C106,2025-02-25,542,10840,524.46,tablet,NZ
G80530,C106,2025-02-25,959,34524,2865.63,mobile,NZ
G19745,C110,2025-02-26,71,4189,148.35,tablet,FR
G13723,C110,2025-02-26,390,10140,454.34,tablet,UK
G68714,C110,2025-02-26,333,4329,789.39,mobile,IE
G84026,C112,2025-02-26,834,13344,2059.14,desktop,DE
G38513,C106,2025-02-26,388,6596,313.33,tablet,DE
G34013,C106,2025-02-26,784,29792,1773.68,desktop,US
G19892,C106,2025-02-26,827,24810,1708.17,mobile,US
G17292,C106,2025-02-26,712,10680,1008.25,desktop,AU
G72487,C107,2025-02-26,791,15029,2187.98,tablet,US
G31082,C102,2025-02-26,502,16566,1163.73,desktop,AU
G96606,C103,2025-02-26,527,25296,1522.85,tablet,CA
G11393,C111,2025-02-27,151,3926,251.6,tablet,NZ
G30292,C111,2025-02-27,879,12306,1128.77,tablet,NZ
G28233,C113,2025-02-27,110,7590,230.89,mobile,IE
G81327,C113,2025-02-27,987,21714,1159.22,mobile,IT
G74996,C102,2025-02-27,427,10248,819.27,desktop,IE
G64611,C102,2025-02-27,456,15504,571.12,desktop,NZ
G64933,C102,2025-02-27,472,14160,455.04,desktop,CA
G21713,C108,2025-02-27,168,10080,122.72,mobile,AU
G18190,C108,2025-02-27,602,31304,1604.38,tablet,NZ
G82819,C108,2025-02-27,517,24299,1168.33,desktop,FR
G90767,C109,2025-02-27,782,39100,1297.47,tablet,FR
G90767,C109,2025-02-27,768,11520,724.47,desktop,IE
G36582,C104,2025-02-27,586,36918,1119.08,desktop,CA
G74485,C104,2025-02-27,791,22148,1239.41,mobile,US
G13130,C104,2025-02-27,375,10500,241.82,tablet,IE
G97008,C112,2025-02-27,154,3850,132.04,desktop,ES
G24937,C112,2025-02-27,151,9211,305.21,desktop,US
G61119,C112,2025-02-27,657,42705,1915.16,tablet,FR
G31483,C112,2025-02-27,373,22380,491.35,mobile,AU
G92877,C106,2025-02-27,77,3927,130.27,mobile,IT
G92877,C106,2025-02-27,276,10764,686.01,mobile,IT
G81082,C106,2025-02-27,608,8512,557.3,desktop,IT
G38591,C105,2025-02-27,57,1197,157.56,tablet,ES
G10516,C105,2025-02-27,270,11340,496.44,mobile,AU
G89067,C105,2025-02-28,846,27918,1198.17,tablet,CA
G94026,C105,2025-02-28,495,6435,469.27,desktop,DE
G15202,C101,2025-02-28,104,2392,288.36,desktop,NZ
G15202,C101,2025-02-28,318,12720,692.93,tablet,DE
G43343,C101,2025-02-28,556,37252,823.65,desktop,FR
G47257,C101,2025-02-28,334,4342,665.7,mobile,ES
G77076,C106,2025-02-28,634,27896,973.56,desktop,IE
G86558,C106,2025-02-28,76,4408,220.28,desktop,NZ
G94036,C110,2025-02-28,423,27918,684.75,mobile,ES
G19745,C110,2025-02-28,656,14432,1910.61,mobile,CA
G38222,C109,2025-02-28,826,26432,1653.47,mobile,DE
G58596,C109,2025-02-28,468,11232,302.64,desktop,FR
G79652,C109,2025-02-28,557,6684,1141.9,mobile,DE
G38801,C112,2025-02-28,853,29002,1198.6,mobile,AU
G16048,C112,2025-02-28,769,29991,963.83,tablet,DE
G75942,C112,2025-02-28,185,2960,407.86,desktop,FR
G28716,C102,2025-02-28,39,1755,87.85,tablet,IT
G40235,C102,2025-02-28,439,26779,1177.41,mobile,IE
G66419,C102,2025-02-28,936,29016,2207.05,desktop,FR
G76794,C113,2025-02-28,847,44891,588.51,desktop,US
G70243,C103,2025-02-28,185,6660,147.66,tablet,IT
G71865,C103,2025-02-28,370,18870,1091.43,mobile,NZ
G71163,C111,2025-02-28,369,6273,507.13,mobile,NZ
G35233,C111,2025-02-28,574,10332,811.02,tablet,CA
