client_id,date,channel,attributed_revenue
C101,2024-12-01,google_ads,1500.0
C101,2024-12-01,email,800.0
C102,2024-12-01,facebook,1200.0
C103,2024-12-01,organic,900.0
C103,2024-12-01,google_ads,23572.55
C103,2024-12-01,organic,33087.04
C101,2024-12-01,google_ads,7051.63
C101,2024-12-01,facebook,7820.1
C101,2024-12-01,organic,40523.69
C113,2024-12-01,google_ads,24296.82
C113,2024-12-01,facebook,3716.2
C113,2024-12-01,organic,13596.28
C102,2024-12-01,google_ads,5212.35
C102,2024-12-01,organic,18660.77
C106,2024-12-01,google_ads,15223.99
C106,2024-12-01,facebook,7751.68
C106,2024-12-01,email,178164.49
C106,2024-12-01,organic,5764.36
C104,2024-12-01,google_ads,3324.01
C104,2024-12-01,facebook,9553.08
C104,2024-12-01,organic,22902.19
C108,2024-12-01,google_ads,7833.12
C108,2024-12-01,email,479796.29
C106,2024-12-02,google_ads,4400.15
C106,2024-12-02,facebook,2732.48
C106,2024-12-02,email,31233.09
C106,2024-12-02,organic,7559.98
C109,2024-12-02,google_ads,14841.76
C109,2024-12-02,facebook,3660.18
C109,2024-12-02,organic,16917.8
C103,2024-12-02,google_ads,16429.3
C103,2024-12-02,facebook,6465.75
C103,2024-12-02,organic,36261.98
C111,2024-12-02,google_ads,23696.85
C111,2024-12-02,organic,42992.13
C107,2024-12-02,google_ads,31190.31
C107,2024-12-02,facebook,7702.28
C107,2024-12-02,email,37587.59
C107,2024-12-02,organic,38751.64
C102,2024-12-02,google_ads,8237.25
C102,2024-12-02,facebook,9885.33
C102,2024-12-02,organic,36570.96
C105,2024-12-02,google_ads,11901.3
C105,2024-12-02,facebook,9580.41
C105,2024-12-02,organic,22509.6
C106,2024-12-03,organic,33369.78
C104,2024-12-03,google_ads,1293.32
C104,2024-12-03,facebook,11709.05
C104,2024-12-03,email,232523.69
C104,2024-12-03,organic,28631.2
C107,2024-12-03,google_ads,23948.63
C107,2024-12-03,facebook,21062.08
C107,2024-12-03,email,29575.65
C107,2024-12-03,organic,10210.81
C112,2024-12-03,google_ads,5986.53
C112,2024-12-03,facebook,11128.02
C112,2024-12-03,email,307184.36
C112,2024-12-03,organic,3516.81
C103,2024-12-03,google_ads,2198.82
C103,2024-12-03,facebook,21030.63
C103,2024-12-03,email,174990.13
C103,2024-12-03,organic,36998.04
C113,2024-12-03,google_ads,13852.51
C113,2024-12-03,facebook,9659.37
C113,2024-12-03,email,581717.09
C113,2024-12-03,organic,8959.36
C105,2024-12-03,google_ads,5117.33
C105,2024-12-03,facebook,8754.96
C105,2024-12-03,organic,25110.28
C102,2024-12-04,google_ads,5214.1
C102,2024-12-04,facebook,2834.28
C102,2024-12-04,email,308029.15
C102,2024-12-04,organic,11006.91
C107,2024-12-04,email,450919.18
C107,2024-12-04,organic,2504.6
C104,2024-12-04,google_ads,2480.2
C104,2024-12-04,facebook,34208.35
C104,2024-12-04,organic,40744.62
C105,2024-12-04,google_ads,27405.31
C105,2024-12-04,facebook,8715.09
C105,2024-12-04,email,264965.32
C105,2024-12-04,organic,44327.3
C108,2024-12-04,google_ads,7260.66
C108,2024-12-04,facebook,19040.45
C108,2024-12-04,email,161832.1
C108,2024-12-04,organic,16594.98
C101,2024-12-04,google_ads,17576.83
C101,2024-12-04,email,613394.39
C101,2024-12-04,organic,5400.45
C106,2024-12-04,facebook,40812.57
C106,2024-12-04,email,180569.91
C106,2024-12-04,organic,28715.44
C103,2024-12-05,google_ads,6204.68
C103,2024-12-05,facebook,10345.74
C103,2024-12-05,organic,11056.12
C101,2024-12-05,google_ads,12099.16
C101,2024-12-05,facebook,13495.95
C101,2024-12-05,email,182464.04
C101,2024-12-05,organic,7923.38
C113,2024-12-05,facebook,26817.89
C113,2024-12-05,email,421199.66
C113,2024-12-05,organic,10421.97
C106,2024-12-05,facebook,23686.69
C106,2024-12-05,email,149987.01
C106,2024-12-05,organic,3744.36
C109,2024-12-05,google_ads,10883.38
C109,2024-12-05,facebook,20858.68
C109,2024-12-05,email,78525.07
C109,2024-12-05,organic,40853.81
C102,2024-12-05,google_ads,5342.27
C102,2024-12-05,facebook,8517.49
C102,2024-12-05,organic,20715.68
C105,2024-12-05,google_ads,42200.43
C105,2024-12-05,facebook,22502.52
C105,2024-12-05,email,795408.41
C105,2024-12-05,organic,23658.43
C103,2024-12-06,google_ads,23084.14
C103,2024-12-06,organic,18635.95
C109,2024-12-06,google_ads,3680.88
C109,2024-12-06,facebook,34401.39
C109,2024-12-06,email,157191.17
C109,2024-12-06,organic,14473.61
C102,2024-12-06,facebook,21923.16
C102,2024-12-06,organic,8065.61
C110,2024-12-06,google_ads,19186.24
C110,2024-12-06,facebook,2471.73
C110,2024-12-06,email,135314.14
C110,2024-12-06,organic,4738.79
C111,2024-12-06,google_ads,9912.29
C111,2024-12-06,organic,23405.48
C105,2024-12-06,google_ads,24582.13
C105,2024-12-06,facebook,15666.06
C105,2024-12-06,email,200539.27
C105,2024-12-06,organic,36559.61
C106,2024-12-06,facebook,8066.1
C106,2024-12-06,email,152903.71
C106,2024-12-06,organic,14976.41
C104,2024-12-06,google_ads,1679.57
C104,2024-12-06,email,141488.99
C104,2024-12-06,organic,39286.34
C106,2024-12-07,google_ads,17713.85
C106,2024-12-07,facebook,4498.99
C106,2024-12-07,organic,15041.77
C105,2024-12-07,google_ads,14304.65
C105,2024-12-07,facebook,5471.72
C105,2024-12-07,email,332432.44
C105,2024-12-07,organic,6965.79
C102,2024-12-07,google_ads,11812.64
C102,2024-12-07,email,112763.89
C110,2024-12-07,google_ads,6521.89
C110,2024-12-07,facebook,2554.03
C110,2024-12-07,email,77432.79
C110,2024-12-07,organic,4468.84
C103,2024-12-07,google_ads,16729.38
C103,2024-12-07,email,83749.68
C103,2024-12-07,organic,17666.36
C112,2024-12-07,facebook,4433.78
C112,2024-12-07,email,81598.83
C112,2024-12-07,organic,3313.87
C113,2024-12-07,google_ads,11898.12
C113,2024-12-07,facebook,22215.92
C113,2024-12-07,organic,33644.77
C109,2024-12-07,google_ads,29615.16
C109,2024-12-07,email,121407.91
C109,2024-12-07,organic,26242.13
C107,2024-12-08,google_ads,11042.68
C107,2024-12-08,facebook,3893.17
C107,2024-12-08,organic,1487.03
C104,2024-12-08,google_ads,34319.09
C104,2024-12-08,organic,4019.91
C106,2024-12-08,google_ads,6848.51
C106,2024-12-08,email,1103875.4
C106,2024-12-08,organic,7694.95
C109,2024-12-08,google_ads,3909.91
C109,2024-12-08,facebook,14910.82
C109,2024-12-08,organic,4526.47
C112,2024-12-08,google_ads,5399.83
C108,2024-12-08,google_ads,28952.63
C108,2024-12-08,facebook,13792.92
C108,2024-12-08,organic,9242.91
C105,2024-12-08,google_ads,2909.74
C105,2024-12-08,facebook,9312.04
C105,2024-12-08,organic,3433.23
C101,2024-12-08,google_ads,33133.47
C101,2024-12-08,organic,22316.75
C111,2024-12-09,google_ads,6594.39
C111,2024-12-09,email,336705.06
C111,2024-12-09,organic,2203.49
C108,2024-12-09,facebook,4142.5
C108,2024-12-09,email,227620.01
C108,2024-12-09,organic,11548.29
C102,2024-12-09,google_ads,14031.73
C102,2024-12-09,organic,33651.51
C107,2024-12-09,google_ads,15790.29
C107,2024-12-09,email,516265.31
C107,2024-12-09,organic,3289.58
C101,2024-12-09,google_ads,19788.36
C101,2024-12-09,email,83537.54
C101,2024-12-09,organic,26965.0
C105,2024-12-09,google_ads,20291.36
C105,2024-12-09,email,367052.37
C105,2024-12-09,organic,52241.81
C113,2024-12-09,google_ads,8121.59
C113,2024-12-09,facebook,27265.71
C113,2024-12-09,organic,6131.42
C112,2024-12-09,google_ads,21228.03
C112,2024-12-09,email,208626.9
C112,2024-12-09,organic,35804.11
C108,2024-12-10,google_ads,11474.1
C108,2024-12-10,facebook,4209.52
C108,2024-12-10,email,120282.23
C108,2024-12-10,organic,18988.12
C107,2024-12-10,google_ads,10379.79
C107,2024-12-10,facebook,10467.04
C107,2024-12-10,email,291225.8
C107,2024-12-10,organic,30906.42
C106,2024-12-10,google_ads,15554.9
C106,2024-12-10,facebook,14652.19
C106,2024-12-10,organic,28545.8
C104,2024-12-10,google_ads,22042.02
C104,2024-12-10,email,71482.14
C104,2024-12-10,organic,41801.68
C101,2024-12-10,facebook,9874.52
C101,2024-12-10,email,123478.82
C101,2024-12-10,organic,10413.78
C109,2024-12-10,google_ads,14249.52
C109,2024-12-10,facebook,16137.08
C109,2024-12-10,organic,4565.23
C105,2024-12-10,google_ads,22098.96
C105,2024-12-10,organic,28033.4
C105,2024-12-11,google_ads,15523.8
C105,2024-12-11,facebook,7738.85
C105,2024-12-11,organic,15146.97
C107,2024-12-11,google_ads,19327.38
C107,2024-12-11,email,89128.98
C107,2024-12-11,organic,11909.84
C101,2024-12-11,google_ads,32024.34
C101,2024-12-11,email,112513.13
C101,2024-12-11,organic,51824.85
C104,2024-12-11,google_ads,8819.04
C104,2024-12-11,facebook,3975.78
C104,2024-12-11,email,44871.21
C104,2024-12-11,organic,32135.04
C103,2024-12-11,google_ads,15224.77
C103,2024-12-11,facebook,8238.87
C103,2024-12-11,organic,22483.29
C102,2024-12-11,google_ads,13197.3
C102,2024-12-11,facebook,10335.77
C102,2024-12-11,email,348025.26
C102,2024-12-11,organic,21100.78
C110,2024-12-11,google_ads,12679.52
C110,2024-12-11,facebook,4744.08
C110,2024-12-11,email,326328.5
C110,2024-12-11,organic,9470.08
C108,2024-12-11,google_ads,11813.48
C108,2024-12-11,email,545218.67
C108,2024-12-11,organic,34186.23
C109,2024-12-12,google_ads,6534.61
C109,2024-12-12,facebook,4401.01
C109,2024-12-12,email,312084.59
C109,2024-12-12,organic,57206.51
C104,2024-12-12,google_ads,49828.68
C104,2024-12-12,facebook,11284.41
C104,2024-12-12,organic,9551.0
C111,2024-12-12,facebook,9582.27
C111,2024-12-12,email,123977.57
C111,2024-12-12,organic,49695.92
C105,2024-12-12,google_ads,8188.72
C105,2024-12-12,facebook,23097.45
C105,2024-12-12,email,66889.84
C105,2024-12-12,organic,46277.5
C108,2024-12-12,facebook,12502.1
C108,2024-12-12,organic,15184.58
C110,2024-12-12,google_ads,17692.3
C110,2024-12-12,facebook,45647.69
C110,2024-12-12,organic,24308.33
C113,2024-12-12,organic,23161.78
C112,2024-12-12,google_ads,21604.29
C112,2024-12-12,facebook,6802.88
C112,2024-12-12,email,204429.93
C112,2024-12-12,organic,43439.38
C103,2024-12-13,google_ads,1686.07
C103,2024-12-13,facebook,3813.34
C103,2024-12-13,organic,18716.11
C105,2024-12-13,google_ads,9449.54
C105,2024-12-13,facebook,2850.33
C105,2024-12-13,organic,15369.76
C104,2024-12-13,google_ads,17272.64
C104,2024-12-13,facebook,12238.57
C104,2024-12-13,organic,4629.31
C111,2024-12-13,google_ads,20306.69
C111,2024-12-13,facebook,6564.82
C111,2024-12-13,email,445937.21
C111,2024-12-13,organic,21743.73
C107,2024-12-13,google_ads,8027.78
C107,2024-12-13,facebook,33786.95
C107,2024-12-13,email,60098.44
C107,2024-12-13,organic,40527.76
C109,2024-12-13,facebook,19547.69
C109,2024-12-13,email,141871.81
C109,2024-12-13,organic,2628.19
C108,2024-12-13,google_ads,9682.9
C108,2024-12-13,email,37285.63
C108,2024-12-13,organic,17730.01
C102,2024-12-13,google_ads,3258.1
C102,2024-12-13,facebook,18931.58
C102,2024-12-13,organic,4128.53
C106,2024-12-14,google_ads,6730.74
C106,2024-12-14,email,25402.8
C106,2024-12-14,organic,11262.73
C103,2024-12-14,google_ads,14674.15
C103,2024-12-14,facebook,11927.43
C103,2024-12-14,organic,21439.84
C101,2024-12-14,google_ads,12415.33
C101,2024-12-14,facebook,23654.24
C101,2024-12-14,email,92805.92
C101,2024-12-14,organic,6170.56
C105,2024-12-14,google_ads,10372.01
C105,2024-12-14,facebook,10915.29
C105,2024-12-14,email,281476.64
C105,2024-12-14,organic,26115.88
C109,2024-12-14,google_ads,1925.67
C109,2024-12-14,facebook,8044.21
C109,2024-12-14,organic,16415.73
C108,2024-12-14,google_ads,9911.66
C108,2024-12-14,facebook,1987.63
C108,2024-12-14,organic,15691.64
C113,2024-12-14,google_ads,20148.78
C113,2024-12-14,facebook,7596.91
C113,2024-12-14,organic,6264.29
C111,2024-12-14,google_ads,14745.64
C111,2024-12-14,email,112867.13
C111,2024-12-14,organic,31374.5
C102,2024-12-15,google_ads,2896.38
C102,2024-12-15,facebook,2501.0
C102,2024-12-15,email,85199.04
C102,2024-12-15,organic,18989.06
C110,2024-12-15,organic,14749.55
C113,2024-12-15,google_ads,20332.24
C113,2024-12-15,facebook,9203.89
C113,2024-12-15,organic,12704.02
C103,2024-12-15,google_ads,3710.5
C103,2024-12-15,facebook,9568.52
C103,2024-12-15,email,381306.53
C103,2024-12-15,organic,5541.15
C111,2024-12-15,google_ads,13719.04
C111,2024-12-15,facebook,12799.52
C111,2024-12-15,email,261081.46
C111,2024-12-15,organic,17621.52
C107,2024-12-15,facebook,9475.04
C107,2024-12-15,organic,9659.18
C108,2024-12-15,google_ads,4202.94
C108,2024-12-15,facebook,17527.81
C108,2024-12-15,email,92495.78
C108,2024-12-15,organic,49657.16
C109,2024-12-15,google_ads,3645.33
C109,2024-12-15,facebook,3347.05
C109,2024-12-15,organic,10189.92
C108,2024-12-16,google_ads,10864.46
C108,2024-12-16,facebook,6148.0
C108,2024-12-16,email,117166.46
C108,2024-12-16,organic,11119.3
C102,2024-12-16,email,182845.27
C102,2024-12-16,organic,22790.27
C107,2024-12-16,google_ads,12171.66
C107,2024-12-16,facebook,19369.18
C107,2024-12-16,organic,4083.72
C101,2024-12-16,google_ads,32586.14
C101,2024-12-16,email,416516.97
C101,2024-12-16,organic,56336.14
C104,2024-12-16,google_ads,15731.13
C104,2024-12-16,email,41316.27
C104,2024-12-16,organic,16428.99
C112,2024-12-16,google_ads,7018.84
C112,2024-12-16,facebook,16889.87
C112,2024-12-16,organic,53254.82
C103,2024-12-16,google_ads,29005.02
C103,2024-12-16,facebook,15922.23
C103,2024-12-16,email,93389.97
C103,2024-12-16,organic,16425.77
C109,2024-12-16,google_ads,2996.25
C109,2024-12-16,facebook,17752.68
C109,2024-12-16,organic,15471.13
C104,2024-12-17,google_ads,25289.52
C104,2024-12-17,facebook,3692.08
C104,2024-12-17,organic,7648.69
C106,2024-12-17,facebook,15975.72
C106,2024-12-17,email,77108.01
C106,2024-12-17,organic,8612.17
C110,2024-12-17,google_ads,2731.98
C110,2024-12-17,facebook,19305.71
C110,2024-12-17,email,23096.02
C110,2024-12-17,organic,17423.89
C105,2024-12-17,google_ads,2754.8
C105,2024-12-17,email,198910.81
C105,2024-12-17,organic,26028.95
C112,2024-12-17,google_ads,576.85
C112,2024-12-17,facebook,5032.32
C112,2024-12-17,email,182618.69
C112,2024-12-17,organic,19426.4
C101,2024-12-17,facebook,4633.86
C101,2024-12-17,email,116812.71
C101,2024-12-17,organic,10184.91
C109,2024-12-17,google_ads,5692.4
C109,2024-12-17,facebook,25393.69
C109,2024-12-17,organic,43573.08
C108,2024-12-17,google_ads,24339.37
C108,2024-12-17,facebook,7451.1
C108,2024-12-17,organic,9914.66
C113,2024-12-18,google_ads,4301.57
C113,2024-12-18,facebook,6483.25
C113,2024-12-18,email,145179.37
C113,2024-12-18,organic,17312.65
C103,2024-12-18,facebook,16202.05
C103,2024-12-18,organic,26476.75
C101,2024-12-18,google_ads,8965.56
C101,2024-12-18,email,232688.59
C101,2024-12-18,organic,10807.46
C106,2024-12-18,google_ads,27192.91
C106,2024-12-18,facebook,21346.77
C106,2024-12-18,organic,16216.91
C104,2024-12-18,google_ads,25267.82
C104,2024-12-18,email,279869.4
C104,2024-12-18,organic,14399.71
C110,2024-12-18,google_ads,28873.92
C110,2024-12-18,facebook,3636.78
C110,2024-12-18,organic,12602.23
C112,2024-12-18,google_ads,6865.64
C112,2024-12-18,facebook,5999.25
C112,2024-12-18,email,129120.66
C112,2024-12-18,organic,1506.06
C111,2024-12-18,facebook,887.66
C111,2024-12-18,email,250095.43
C111,2024-12-18,organic,12632.69
C103,2024-12-19,google_ads,15754.02
C103,2024-12-19,email,74429.34
C103,2024-12-19,organic,23714.09
C112,2024-12-19,google_ads,25752.45
C112,2024-12-19,facebook,11137.98
C112,2024-12-19,email,68377.26
C112,2024-12-19,organic,36700.65
C102,2024-12-19,google_ads,16752.9
C102,2024-12-19,organic,22385.55
C113,2024-12-19,google_ads,12205.98
C113,2024-12-19,facebook,3129.88
C113,2024-12-19,email,259029.59
C113,2024-12-19,organic,23005.85
C105,2024-12-19,google_ads,4473.92
C105,2024-12-19,facebook,5167.43
C105,2024-12-19,organic,14620.04
C101,2024-12-19,google_ads,4018.63
C101,2024-12-19,facebook,4816.78
C101,2024-12-19,organic,2982.49
C111,2024-12-19,google_ads,6846.85
C111,2024-12-19,facebook,12584.92
C111,2024-12-19,organic,4022.81
C109,2024-12-19,google_ads,19898.64
C109,2024-12-19,facebook,3516.79
C109,2024-12-19,organic,5099.11
C106,2024-12-20,google_ads,33272.99
C106,2024-12-20,email,303706.39
C106,2024-12-20,organic,18120.4
C113,2024-12-20,facebook,21811.79
C113,2024-12-20,email,26256.01
C113,2024-12-20,organic,1732.18
C102,2024-12-20,google_ads,1143.5
C102,2024-12-20,facebook,12301.35
C102,2024-12-20,organic,30398.38
C101,2024-12-20,google_ads,18239.79
C101,2024-12-20,facebook,4361.52
C101,2024-12-20,email,602090.9
C101,2024-12-20,organic,10490.11
C111,2024-12-20,google_ads,18545.31
C111,2024-12-20,facebook,842.62
C111,2024-12-20,organic,7982.03
C108,2024-12-20,google_ads,16120.99
C108,2024-12-20,facebook,16499.87
C108,2024-12-20,email,20625.7
C108,2024-12-20,organic,6015.86
C109,2024-12-20,google_ads,3973.48
C109,2024-12-20,facebook,13124.87
C109,2024-12-20,organic,16433.32
C107,2024-12-20,google_ads,4764.33
C107,2024-12-20,facebook,7017.48
C107,2024-12-20,organic,12199.39
C102,2024-12-21,google_ads,3451.2
C102,2024-12-21,facebook,7733.62
C102,2024-12-21,organic,3022.98
C109,2024-12-21,google_ads,8231.56
C109,2024-12-21,organic,13301.39
C108,2024-12-21,google_ads,19658.11
C108,2024-12-21,facebook,12505.55
C108,2024-12-21,email,186737.7
C108,2024-12-21,organic,41318.68
C105,2024-12-21,google_ads,11349.34
C105,2024-12-21,facebook,5999.87
C105,2024-12-21,organic,25872.59
C113,2024-12-21,google_ads,4164.97
C113,2024-12-21,facebook,27469.46
C113,2024-12-21,email,30955.13
C113,2024-12-21,organic,11904.06
C112,2024-12-21,google_ads,50117.06
C112,2024-12-21,facebook,10487.79
C112,2024-12-21,email,79282.77
C112,2024-12-21,organic,21433.18
C107,2024-12-21,google_ads,10545.33
C107,2024-12-21,email,285856.39
C107,2024-12-21,organic,5337.75
C103,2024-12-21,google_ads,22238.13
C103,2024-12-21,email,74467.36
C103,2024-12-21,organic,6438.66
C103,2024-12-22,google_ads,27580.13
C103,2024-12-22,email,266772.63
C103,2024-12-22,organic,20809.8
C105,2024-12-22,google_ads,18985.42
C105,2024-12-22,facebook,14394.03
C105,2024-12-22,email,154694.73
C105,2024-12-22,organic,10927.3
C111,2024-12-22,google_ads,17522.92
C111,2024-12-22,email,186119.11
C111,2024-12-22,organic,11049.54
C108,2024-12-22,google_ads,32476.07
C108,2024-12-22,facebook,15307.81
C108,2024-12-22,organic,36266.9
C107,2024-12-22,google_ads,29175.21
C107,2024-12-22,facebook,8806.5
C107,2024-12-22,email,80419.24
C107,2024-12-22,organic,11872.27
C113,2024-12-22,google_ads,18193.42
C113,2024-12-22,facebook,27858.45
C113,2024-12-22,organic,28181.62
C101,2024-12-22,google_ads,3688.52
C101,2024-12-22,email,78645.11
C101,2024-12-22,organic,15213.36
C106,2024-12-22,google_ads,8493.11
C106,2024-12-22,organic,54512.88
C111,2024-12-23,google_ads,14693.93
C111,2024-12-23,facebook,8687.4
C111,2024-12-23,email,110623.06
C111,2024-12-23,organic,54371.14
C109,2024-12-23,google_ads,16398.7
C109,2024-12-23,facebook,6406.44
C109,2024-12-23,organic,15657.38
C107,2024-12-23,google_ads,16809.07
C107,2024-12-23,facebook,1910.76
C107,2024-12-23,email,249138.42
C107,2024-12-23,organic,35694.12
C103,2024-12-23,google_ads,12962.9
C103,2024-12-23,facebook,5563.95
C103,2024-12-23,email,185608.3
C103,2024-12-23,organic,54472.28
C106,2024-12-23,google_ads,13953.53
C106,2024-12-23,facebook,9084.28
C106,2024-12-23,organic,4462.42
C110,2024-12-23,google_ads,22069.81
C110,2024-12-23,facebook,7583.63
C110,2024-12-23,email,394173.92
C110,2024-12-23,organic,4092.71
C101,2024-12-23,google_ads,5229.71
C101,2024-12-23,facebook,4881.44
C101,2024-12-23,organic,10223.34
C102,2024-12-23,google_ads,17980.29
C102,2024-12-23,email,225770.53
C102,2024-12-23,organic,7070.84
C105,2024-12-24,google_ads,11535.6
C105,2024-12-24,organic,32980.84
C112,2024-12-24,google_ads,3859.74
C112,2024-12-24,facebook,9898.99
C112,2024-12-24,email,475816.22
C112,2024-12-24,organic,18066.99
C113,2024-12-24,facebook,8060.22
C113,2024-12-24,organic,7228.65
C108,2024-12-24,google_ads,8074.92
C108,2024-12-24,facebook,4417.76
C108,2024-12-24,organic,7523.12
C101,2024-12-24,email,198549.57
C101,2024-12-24,organic,27012.49
C106,2024-12-24,google_ads,5731.53
C106,2024-12-24,facebook,3789.69
C106,2024-12-24,organic,50912.62
C107,2024-12-24,facebook,14406.75
C107,2024-12-24,organic,30114.54
C110,2024-12-24,google_ads,9220.04
C110,2024-12-24,facebook,6817.43
C110,2024-12-24,email,427283.44
C110,2024-12-24,organic,5412.42
C112,2024-12-25,google_ads,787.51
C112,2024-12-25,organic,15435.54
C113,2024-12-25,google_ads,2925.44
C113,2024-12-25,facebook,17106.11
C113,2024-12-25,email,63208.44
C113,2024-12-25,organic,22590.91
C110,2024-12-25,google_ads,23488.47
C110,2024-12-25,email,165867.64
C110,2024-12-25,organic,1886.68
C101,2024-12-25,google_ads,19472.88
C101,2024-12-25,facebook,9335.08
C101,2024-12-25,organic,61246.59
C105,2024-12-25,google_ads,17852.24
C105,2024-12-25,facebook,12179.52
C105,2024-12-25,organic,6633.46
C106,2024-12-25,google_ads,21446.18
C106,2024-12-25,email,115268.57
C106,2024-12-25,organic,30357.67
C107,2024-12-25,google_ads,5294.34
C107,2024-12-25,facebook,4572.59
C107,2024-12-25,organic,14181.87
C108,2024-12-25,google_ads,14739.4
C108,2024-12-25,facebook,10395.62
C108,2024-12-25,organic,17601.26
C110,2024-12-26,google_ads,14386.69
C110,2024-12-26,facebook,20680.03
C110,2024-12-26,organic,46384.03
C106,2024-12-26,google_ads,11417.04
C106,2024-12-26,facebook,9768.14
C106,2024-12-26,email,94008.85
C106,2024-12-26,organic,13043.09
C108,2024-12-26,google_ads,8918.1
C108,2024-12-26,facebook,2011.59
C108,2024-12-26,email,66606.38
C108,2024-12-26,organic,4373.99
C109,2024-12-26,google_ads,4346.8
C109,2024-12-26,facebook,19711.19
C113,2024-12-26,facebook,10257.45
C113,2024-12-26,email,69720.95
C113,2024-12-26,organic,22884.35
C105,2024-12-26,facebook,22477.11
C105,2024-12-26,organic,11073.12
C111,2024-12-26,google_ads,12071.51
C111,2024-12-26,facebook,1699.95
C111,2024-12-26,organic,8235.19
C107,2024-12-26,google_ads,11125.86
C107,2024-12-26,facebook,12862.56
C104,2024-12-27,google_ads,13398.45
C104,2024-12-27,facebook,7181.66
C104,2024-12-27,organic,14803.03
C103,2024-12-27,google_ads,4035.03
C103,2024-12-27,facebook,3317.89
C103,2024-12-27,organic,17106.76
C111,2024-12-27,google_ads,12113.06
C111,2024-12-27,facebook,24752.62
C111,2024-12-27,email,257771.62
C111,2024-12-27,organic,3959.76
C112,2024-12-27,google_ads,8892.02
C112,2024-12-27,organic,17396.84
C113,2024-12-27,google_ads,4065.52
C113,2024-12-27,organic,15396.81
C109,2024-12-27,google_ads,13621.18
C109,2024-12-27,facebook,7847.83
C109,2024-12-27,organic,19294.82
C106,2024-12-27,google_ads,9150.43
C106,2024-12-27,email,94982.48
C106,2024-12-27,organic,13787.08
C108,2024-12-27,google_ads,29893.1
C108,2024-12-27,facebook,19165.66
C108,2024-12-27,organic,38037.38
C107,2024-12-28,google_ads,1536.89
C107,2024-12-28,facebook,17413.74
C107,2024-12-28,email,241056.47
C107,2024-12-28,organic,4169.71
C109,2024-12-28,google_ads,24855.04
C109,2024-12-28,facebook,17748.46
C109,2024-12-28,organic,14756.56
C102,2024-12-28,google_ads,11298.7
C102,2024-12-28,facebook,23369.75
C102,2024-12-28,organic,15686.77
C110,2024-12-28,facebook,8520.84
C110,2024-12-28,email,160166.28
C110,2024-12-28,organic,30539.17
C106,2024-12-28,google_ads,8972.16
C106,2024-12-28,facebook,8510.78
C106,2024-12-28,organic,14641.94
C105,2024-12-28,google_ads,3790.44
C105,2024-12-28,facebook,6136.56
C105,2024-12-28,email,99394.57
C105,2024-12-28,organic,5965.21
C101,2024-12-28,google_ads,8611.26
C101,2024-12-28,facebook,22447.33
C101,2024-12-28,email,37493.34
C101,2024-12-28,organic,17195.39
C103,2024-12-28,google_ads,10831.5
C103,2024-12-28,facebook,12327.28
C103,2024-12-28,organic,7623.75
C112,2024-12-29,google_ads,10147.24
C112,2024-12-29,facebook,5379.05
C112,2024-12-29,email,20924.74
C112,2024-12-29,organic,16786.07
C104,2024-12-29,google_ads,5632.0
C104,2024-12-29,organic,8857.45
C108,2024-12-29,google_ads,8894.34
C108,2024-12-29,email,179011.06
C108,2024-12-29,organic,15323.98
C101,2024-12-29,google_ads,41619.24
C101,2024-12-29,email,275314.59
C101,2024-12-29,organic,7281.3
C111,2024-12-29,facebook,8657.49
C111,2024-12-29,email,98322.15
C111,2024-12-29,organic,13776.11
C107,2024-12-29,google_ads,24382.16
C107,2024-12-29,facebook,1565.77
C107,2024-12-29,organic,41305.79
C113,2024-12-29,google_ads,21104.51
C113,2024-12-29,facebook,11576.03
C113,2024-12-29,email,115681.91
C113,2024-12-29,organic,12410.48
C102,2024-12-29,google_ads,11330.94
C102,2024-12-29,facebook,5716.06
C102,2024-12-29,organic,27506.66
C106,2024-12-29,google_ads,7254.32
C106,2024-12-29,organic,33405.1
C104,2024-12-30,google_ads,9748.27
C104,2024-12-30,facebook,16676.19
C104,2024-12-30,organic,5045.13
C105,2024-12-30,google_ads,16121.74
C105,2024-12-30,facebook,19121.44
C105,2024-12-30,organic,6132.56
C111,2024-12-30,facebook,8385.59
C111,2024-12-30,email,149213.01
C111,2024-12-30,organic,30921.09
C112,2024-12-30,google_ads,12531.05
C112,2024-12-30,organic,20067.5
C110,2024-12-30,google_ads,7080.81
C110,2024-12-30,facebook,28090.2
C110,2024-12-30,email,152796.31
C110,2024-12-30,organic,22091.66
C101,2024-12-30,google_ads,3106.47
C101,2024-12-30,email,262825.61
C101,2024-12-30,organic,4035.89
C113,2024-12-30,google_ads,15916.48
C113,2024-12-30,organic,35042.24
C102,2024-12-30,google_ads,22231.27
C102,2024-12-30,facebook,7899.6
C102,2024-12-30,email,189722.07
C102,2024-12-30,organic,8881.82
C106,2024-12-30,google_ads,20857.59
C106,2024-12-30,facebook,5931.42
C106,2024-12-30,email,395521.52
C106,2024-12-30,organic,42573.47
C113,2024-12-31,google_ads,21145.75
C113,2024-12-31,facebook,8579.98
C113,2024-12-31,email,225935.94
C113,2024-12-31,organic,12492.4
C110,2024-12-31,google_ads,5902.34
C110,2024-12-31,facebook,1494.95
C110,2024-12-31,organic,29952.98
C105,2024-12-31,google_ads,2663.2
C105,2024-12-31,organic,5985.27
C112,2024-12-31,google_ads,12877.45
C112,2024-12-31,facebook,13806.88
C112,2024-12-31,email,493284.82
C112,2024-12-31,organic,11174.89
C109,2024-12-31,google_ads,2523.16
C109,2024-12-31,facebook,15177.11
C109,2024-12-31,email,184492.29
C109,2024-12-31,organic,2135.78
C102,2024-12-31,google_ads,3447.17
C102,2024-12-31,facebook,3593.99
C102,2024-12-31,email,258839.59
C102,2024-12-31,organic,11400.68
C111,2024-12-31,google_ads,12631.89
C111,2024-12-31,email,112255.26
C111,2024-12-31,organic,22796.33
C101,2024-12-31,organic,27088.45
C106,2024-12-31,google_ads,853.98
C106,2024-12-31,facebook,8155.15
C106,2024-12-31,organic,11005.94
C110,2025-01-01,google_ads,26682.89
C110,2025-01-01,facebook,4696.47
C110,2025-01-01,organic,19114.42
C103,2025-01-01,facebook,4957.38
C103,2025-01-01,email,65699.23
C103,2025-01-01,organic,8131.28
C105,2025-01-01,google_ads,13713.22
C105,2025-01-01,facebook,5420.75
C105,2025-01-01,organic,17659.51
C104,2025-01-01,google_ads,12899.49
C104,2025-01-01,facebook,17375.91
C104,2025-01-01,organic,7810.86
C109,2025-01-01,google_ads,23844.12
C109,2025-01-01,facebook,625.47
C109,2025-01-01,email,258355.04
C109,2025-01-01,organic,5206.07
C113,2025-01-01,google_ads,11130.08
C113,2025-01-01,facebook,14085.07
C113,2025-01-01,organic,14614.85
C108,2025-01-01,google_ads,30431.87
C108,2025-01-01,email,101412.03
C108,2025-01-01,organic,11223.36
C107,2025-01-01,google_ads,6307.78
C107,2025-01-01,facebook,7254.39
C107,2025-01-01,email,122847.73
C107,2025-01-01,organic,15079.79
C102,2025-01-01,google_ads,1354.92
C102,2025-01-01,facebook,29589.55
C102,2025-01-01,email,101098.69
C102,2025-01-01,organic,7517.53
C112,2025-01-02,google_ads,10951.59
C112,2025-01-02,facebook,16488.25
C112,2025-01-02,email,94061.36
C112,2025-01-02,organic,12271.67
C110,2025-01-02,google_ads,23465.33
C110,2025-01-02,facebook,7731.75
C110,2025-01-02,organic,33743.61
C101,2025-01-02,google_ads,29289.83
C101,2025-01-02,facebook,28410.26
C101,2025-01-02,organic,11144.97
C108,2025-01-02,google_ads,11616.01
C108,2025-01-02,facebook,5168.27
C108,2025-01-02,email,125868.62
C108,2025-01-02,organic,49685.24
C107,2025-01-02,google_ads,8900.76
C107,2025-01-02,facebook,7483.05
C107,2025-01-02,organic,51256.08
C102,2025-01-02,facebook,1450.85
C102,2025-01-02,email,39361.21
C102,2025-01-02,organic,10956.55
C109,2025-01-02,google_ads,32067.38
C109,2025-01-02,facebook,9343.81
C109,2025-01-02,organic,54379.86
C104,2025-01-02,google_ads,2493.23
C104,2025-01-02,facebook,5051.59
C104,2025-01-02,email,168743.04
C104,2025-01-02,organic,21773.21
C113,2025-01-02,google_ads,10338.06
C113,2025-01-02,email,157279.76
C113,2025-01-02,organic,17592.53
C112,2025-01-03,facebook,4656.43
C112,2025-01-03,email,139053.73
C112,2025-01-03,organic,6732.7
C105,2025-01-03,google_ads,25717.73
C105,2025-01-03,email,171156.87
C105,2025-01-03,organic,6113.03
C113,2025-01-03,google_ads,26018.16
C113,2025-01-03,facebook,34598.92
C113,2025-01-03,organic,13808.54
C103,2025-01-03,google_ads,10224.62
C103,2025-01-03,email,239017.22
C103,2025-01-03,organic,29984.55
C106,2025-01-03,google_ads,3158.33
C106,2025-01-03,facebook,11725.22
C106,2025-01-03,email,203573.65
C106,2025-01-03,organic,4230.89
C110,2025-01-03,facebook,7670.04
C110,2025-01-03,organic,6489.31
C108,2025-01-03,facebook,12652.53
C108,2025-01-03,organic,15943.16
C107,2025-01-03,google_ads,37409.46
C107,2025-01-03,facebook,6390.27
C107,2025-01-03,email,40359.0
C107,2025-01-03,organic,14567.11
C111,2025-01-03,google_ads,27301.39
C111,2025-01-03,facebook,5278.93
C111,2025-01-03,organic,19209.52
C105,2025-01-04,google_ads,7308.97
C105,2025-01-04,facebook,17150.52
C105,2025-01-04,organic,12656.21
C106,2025-01-04,google_ads,3920.89
C106,2025-01-04,facebook,528.44
C106,2025-01-04,organic,10551.76
C113,2025-01-04,facebook,7532.43
C113,2025-01-04,email,478471.08
C113,2025-01-04,organic,4058.26
C103,2025-01-04,google_ads,8169.71
C103,2025-01-04,facebook,15240.21
C103,2025-01-04,email,32764.52
C103,2025-01-04,organic,20651.68
C101,2025-01-04,google_ads,7821.39
C101,2025-01-04,email,268245.55
C101,2025-01-04,organic,2346.9
C102,2025-01-04,google_ads,21154.4
C102,2025-01-04,email,87505.67
C102,2025-01-04,organic,40675.27
C108,2025-01-04,facebook,2490.07
C108,2025-01-04,email,95356.57
C108,2025-01-04,organic,16631.05
C109,2025-01-04,google_ads,13257.22
C109,2025-01-04,email,122853.51
C109,2025-01-04,organic,30239.63
C111,2025-01-04,google_ads,24176.83
C111,2025-01-04,facebook,16112.43
C111,2025-01-04,email,262920.07
C111,2025-01-04,organic,5421.78
C106,2025-01-05,google_ads,16845.2
C106,2025-01-05,email,81902.5
C112,2025-01-05,google_ads,5870.23
C112,2025-01-05,facebook,6828.7
C112,2025-01-05,email,27727.91
C112,2025-01-05,organic,7609.83
C104,2025-01-05,google_ads,25628.18
C104,2025-01-05,organic,8788.15
C111,2025-01-05,google_ads,9467.18
C111,2025-01-05,facebook,2145.62
C111,2025-01-05,email,65051.22
C111,2025-01-05,organic,41454.01
C113,2025-01-05,google_ads,2828.01
C113,2025-01-05,facebook,20062.98
C113,2025-01-05,email,321311.84
C113,2025-01-05,organic,10552.82
C107,2025-01-05,google_ads,37509.23
C107,2025-01-05,facebook,12183.93
C107,2025-01-05,email,339271.37
C107,2025-01-05,organic,27661.17
C108,2025-01-05,google_ads,28756.87
C108,2025-01-05,facebook,13424.93
C108,2025-01-05,email,324253.36
C108,2025-01-05,organic,9692.48
C105,2025-01-05,google_ads,3819.51
C105,2025-01-05,facebook,4772.47
C105,2025-01-05,organic,45239.69
C109,2025-01-05,google_ads,21897.91
C109,2025-01-05,facebook,1848.19
C109,2025-01-05,email,154343.05
C109,2025-01-05,organic,5019.16
C102,2025-01-06,google_ads,4309.47
C102,2025-01-06,facebook,18447.01
C102,2025-01-06,email,93142.3
C102,2025-01-06,organic,32682.69
C108,2025-01-06,google_ads,16653.19
C108,2025-01-06,facebook,3228.24
C108,2025-01-06,organic,46836.21
C113,2025-01-06,google_ads,11991.51
C113,2025-01-06,facebook,21025.6
C113,2025-01-06,email,231429.4
C113,2025-01-06,organic,17309.15
C101,2025-01-06,google_ads,14730.18
C101,2025-01-06,facebook,5443.69
C101,2025-01-06,organic,33723.19
C109,2025-01-06,google_ads,24357.95
C109,2025-01-06,facebook,20874.29
C109,2025-01-06,email,220317.86
C109,2025-01-06,organic,22047.7
C106,2025-01-06,google_ads,23120.91
C106,2025-01-06,email,490931.85
C106,2025-01-06,organic,57388.34
C112,2025-01-06,facebook,11355.46
C112,2025-01-06,email,294087.14
C112,2025-01-06,organic,24836.95
C107,2025-01-06,facebook,8122.21
C107,2025-01-06,email,668365.17
C107,2025-01-06,organic,13089.46
C103,2025-01-06,email,521146.74
C103,2025-01-06,organic,14883.82
C101,2025-01-07,google_ads,6584.24
C101,2025-01-07,email,185038.41
C101,2025-01-07,organic,22610.52
C111,2025-01-07,google_ads,2215.95
C111,2025-01-07,organic,17771.56
C106,2025-01-07,google_ads,3200.51
C106,2025-01-07,facebook,6562.68
C106,2025-01-07,email,248691.4
C106,2025-01-07,organic,5676.62
C110,2025-01-07,google_ads,13878.03
C110,2025-01-07,facebook,7585.48
C110,2025-01-07,organic,5070.48
C113,2025-01-07,google_ads,5012.13
C113,2025-01-07,facebook,3020.82
C113,2025-01-07,organic,32462.13
C108,2025-01-07,facebook,22699.8
C108,2025-01-07,email,449423.18
C108,2025-01-07,organic,44166.53
C103,2025-01-07,google_ads,16273.02
C103,2025-01-07,facebook,2308.11
C103,2025-01-07,email,253133.33
C103,2025-01-07,organic,19839.83
C107,2025-01-07,google_ads,9995.82
C107,2025-01-07,facebook,12944.74
C107,2025-01-07,email,81816.42
C107,2025-01-07,organic,14871.2
C102,2025-01-07,google_ads,13765.85
C102,2025-01-07,facebook,16476.75
C102,2025-01-07,email,159813.28
C102,2025-01-07,organic,14273.34
C110,2025-01-08,google_ads,23324.93
C110,2025-01-08,facebook,4478.81
C110,2025-01-08,email,17924.17
C110,2025-01-08,organic,26926.66
C109,2025-01-08,google_ads,3128.37
C109,2025-01-08,facebook,10280.65
C109,2025-01-08,organic,35336.11
C107,2025-01-08,google_ads,18790.36
C107,2025-01-08,facebook,5148.51
C107,2025-01-08,email,353511.38
C107,2025-01-08,organic,19601.15
C101,2025-01-08,google_ads,2887.78
C101,2025-01-08,facebook,10408.92
C101,2025-01-08,email,84723.46
C101,2025-01-08,organic,42980.07
C108,2025-01-08,google_ads,3563.74
C108,2025-01-08,facebook,5571.05
C108,2025-01-08,email,68008.91
C108,2025-01-08,organic,15150.14
C113,2025-01-08,google_ads,13413.43
C113,2025-01-08,facebook,14074.2
C113,2025-01-08,email,207185.65
C113,2025-01-08,organic,10358.33
C106,2025-01-08,google_ads,10738.68
C106,2025-01-08,email,149250.61
C106,2025-01-08,organic,12519.31
C104,2025-01-08,google_ads,15680.52
C104,2025-01-08,facebook,547.96
C104,2025-01-08,email,64144.11
C104,2025-01-08,organic,13520.78
C112,2025-01-08,google_ads,3471.04
C112,2025-01-08,facebook,18225.9
C112,2025-01-08,email,343394.47
C112,2025-01-08,organic,25413.86
C110,2025-01-09,google_ads,5029.46
C110,2025-01-09,facebook,4769.03
C110,2025-01-09,email,148117.48
C110,2025-01-09,organic,11690.23
C108,2025-01-09,google_ads,6105.94
C108,2025-01-09,facebook,13937.1
C108,2025-01-09,email,176409.17
C108,2025-01-09,organic,21782.15
C101,2025-01-09,google_ads,19257.4
C101,2025-01-09,email,115901.15
C101,2025-01-09,organic,26254.86
C109,2025-01-09,google_ads,18947.32
C109,2025-01-09,organic,7650.72
C104,2025-01-09,facebook,17979.58
C104,2025-01-09,email,137342.67
C104,2025-01-09,organic,10037.06
C111,2025-01-09,google_ads,39813.14
C111,2025-01-09,email,31716.34
C111,2025-01-09,organic,6067.9
C113,2025-01-09,google_ads,4581.31
C113,2025-01-09,organic,6343.95
C106,2025-01-09,google_ads,3059.6
C106,2025-01-09,facebook,4323.18
C106,2025-01-09,email,124342.12
C106,2025-01-09,organic,40112.5
C112,2025-01-09,google_ads,16924.69
C112,2025-01-09,facebook,10468.38
C112,2025-01-09,email,172508.67
C112,2025-01-09,organic,28549.11
C106,2025-01-10,google_ads,2958.22
C106,2025-01-10,email,120490.35
C106,2025-01-10,organic,9597.84
C109,2025-01-10,google_ads,18093.41
C109,2025-01-10,facebook,5507.32
C109,2025-01-10,organic,3917.88
C110,2025-01-10,facebook,21443.13
C110,2025-01-10,email,108741.41
C110,2025-01-10,organic,33748.64
C105,2025-01-10,facebook,6485.19
C105,2025-01-10,email,165159.98
C105,2025-01-10,organic,18116.85
C113,2025-01-10,google_ads,10077.51
C113,2025-01-10,facebook,18460.38
C113,2025-01-10,email,208254.13
C113,2025-01-10,organic,4446.94
C104,2025-01-10,google_ads,8474.59
C104,2025-01-10,facebook,8895.3
C104,2025-01-10,email,69018.09
C104,2025-01-10,organic,5044.37
C112,2025-01-10,facebook,18541.05
C112,2025-01-10,organic,13711.59
C107,2025-01-10,facebook,5026.78
C107,2025-01-10,organic,23242.85
C101,2025-01-10,google_ads,9427.18
C101,2025-01-10,facebook,8135.91
C101,2025-01-10,organic,27412.69
C110,2025-01-11,google_ads,10766.32
C110,2025-01-11,facebook,5917.62
C110,2025-01-11,email,537197.68
C110,2025-01-11,organic,37178.8
C102,2025-01-11,google_ads,14399.48
C102,2025-01-11,facebook,8953.21
C102,2025-01-11,email,203326.07
C102,2025-01-11,organic,24068.47
C103,2025-01-11,google_ads,17124.16
C103,2025-01-11,facebook,2825.41
C103,2025-01-11,email,199871.81
C103,2025-01-11,organic,21731.05
C107,2025-01-11,google_ads,8278.36
C107,2025-01-11,email,68258.56
C107,2025-01-11,organic,21923.72
C113,2025-01-11,facebook,10264.41
C113,2025-01-11,email,66840.58
C113,2025-01-11,organic,2408.33
C101,2025-01-11,google_ads,18456.29
C101,2025-01-11,facebook,725.54
C101,2025-01-11,email,211815.36
C101,2025-01-11,organic,34365.47
C104,2025-01-11,google_ads,22875.43
C104,2025-01-11,facebook,11506.94
C104,2025-01-11,organic,28871.96
C111,2025-01-11,google_ads,18551.5
C111,2025-01-11,organic,2304.23
C108,2025-01-11,google_ads,24866.85
C108,2025-01-11,facebook,4228.56
C108,2025-01-11,email,66087.47
C108,2025-01-11,organic,5822.82
C106,2025-01-12,google_ads,4135.43
C106,2025-01-12,facebook,3533.88
C106,2025-01-12,organic,15393.93
C112,2025-01-12,google_ads,1472.82
C112,2025-01-12,facebook,1204.62
C112,2025-01-12,organic,9114.72
C109,2025-01-12,google_ads,10382.15
C109,2025-01-12,facebook,14861.02
C109,2025-01-12,email,260709.47
C109,2025-01-12,organic,15140.03
C103,2025-01-12,google_ads,10757.12
C103,2025-01-12,facebook,7825.54
C103,2025-01-12,organic,7477.64
C110,2025-01-12,google_ads,6596.37
C110,2025-01-12,facebook,1835.72
C110,2025-01-12,email,47476.37
C110,2025-01-12,organic,14561.06
C105,2025-01-12,google_ads,20924.43
C105,2025-01-12,facebook,12687.63
C105,2025-01-12,email,122905.7
C105,2025-01-12,organic,10420.49
C111,2025-01-12,google_ads,35103.48
C111,2025-01-12,facebook,5960.28
C111,2025-01-12,email,173567.43
C111,2025-01-12,organic,27224.82
C104,2025-01-12,google_ads,6144.76
C104,2025-01-12,facebook,22459.74
C104,2025-01-12,organic,7890.08
C108,2025-01-12,google_ads,9351.02
C108,2025-01-12,facebook,7052.47
C108,2025-01-12,organic,28745.25
C112,2025-01-13,facebook,5838.31
C112,2025-01-13,organic,14995.34
C105,2025-01-13,google_ads,5516.64
C105,2025-01-13,facebook,14588.19
C105,2025-01-13,organic,13835.28
C111,2025-01-13,google_ads,20318.75
C111,2025-01-13,facebook,7680.34
C111,2025-01-13,email,233860.96
C111,2025-01-13,organic,1042.3
C101,2025-01-13,google_ads,11985.43
C101,2025-01-13,facebook,2330.17
C101,2025-01-13,email,228538.56
C101,2025-01-13,organic,9668.53
C103,2025-01-13,google_ads,11527.95
C103,2025-01-13,organic,37776.13
C110,2025-01-13,facebook,9395.45
C110,2025-01-13,email,95025.32
C110,2025-01-13,organic,12194.41
C108,2025-01-13,google_ads,25454.26
C108,2025-01-13,facebook,3293.17
C108,2025-01-13,organic,9507.84
C102,2025-01-13,facebook,14062.52
C102,2025-01-13,email,21124.19
C102,2025-01-13,organic,40434.71
C113,2025-01-13,google_ads,19776.25
C113,2025-01-13,facebook,9727.25
C113,2025-01-13,email,126899.9
C113,2025-01-13,organic,20859.35
C112,2025-01-14,google_ads,13050.78
C112,2025-01-14,facebook,16278.37
C112,2025-01-14,email,315845.65
C112,2025-01-14,organic,5878.71
C104,2025-01-14,google_ads,4848.37
C104,2025-01-14,organic,26876.8
C109,2025-01-14,facebook,784.66
C109,2025-01-14,email,57744.1
C109,2025-01-14,organic,7166.45
C105,2025-01-14,google_ads,39492.88
C105,2025-01-14,facebook,20591.88
C105,2025-01-14,email,25112.87
C105,2025-01-14,organic,12873.09
C103,2025-01-14,google_ads,25431.51
C103,2025-01-14,facebook,15934.26
C103,2025-01-14,email,184081.55
C103,2025-01-14,organic,5862.27
C113,2025-01-14,facebook,1796.17
C113,2025-01-14,email,34150.92
C113,2025-01-14,organic,25381.4
C110,2025-01-14,facebook,2910.21
C110,2025-01-14,organic,4183.99
C106,2025-01-14,google_ads,23939.07
C106,2025-01-14,email,115258.49
C106,2025-01-14,organic,9881.74
C107,2025-01-14,google_ads,2584.42
C107,2025-01-14,facebook,8387.6
C107,2025-01-14,email,43623.8
C107,2025-01-14,organic,13185.4
C111,2025-01-15,google_ads,32229.76
C111,2025-01-15,facebook,8709.55
C111,2025-01-15,email,90312.69
C111,2025-01-15,organic,4140.97
C112,2025-01-15,organic,12692.34
C108,2025-01-15,google_ads,23993.01
C108,2025-01-15,facebook,4219.47
C108,2025-01-15,email,148040.5
C108,2025-01-15,organic,22403.05
C110,2025-01-15,facebook,2289.19
C110,2025-01-15,email,380326.31
C110,2025-01-15,organic,9833.39
C104,2025-01-15,google_ads,14691.96
C104,2025-01-15,organic,8471.61
C103,2025-01-15,google_ads,5375.87
C103,2025-01-15,facebook,25368.06
C103,2025-01-15,email,336948.13
C103,2025-01-15,organic,36104.36
C101,2025-01-15,google_ads,27934.86
C101,2025-01-15,organic,4573.25
C107,2025-01-15,google_ads,19292.5
C107,2025-01-15,email,100100.04
C107,2025-01-15,organic,35214.42
C113,2025-01-15,google_ads,33410.09
C113,2025-01-15,facebook,6673.53
C113,2025-01-15,organic,28749.25
C110,2025-01-16,google_ads,12442.13
C110,2025-01-16,facebook,23121.74
C110,2025-01-16,email,109011.62
C110,2025-01-16,organic,40286.76
C101,2025-01-16,email,103956.38
C101,2025-01-16,organic,4546.6
C107,2025-01-16,facebook,24290.99
C107,2025-01-16,organic,4714.89
C103,2025-01-16,google_ads,43693.14
C103,2025-01-16,facebook,6996.0
C103,2025-01-16,email,195727.6
C103,2025-01-16,organic,5373.66
C109,2025-01-16,google_ads,17151.11
C109,2025-01-16,organic,25174.29
C108,2025-01-16,google_ads,9111.69
C108,2025-01-16,facebook,16414.6
C108,2025-01-16,email,289871.03
C108,2025-01-16,organic,8835.55
C102,2025-01-16,google_ads,30540.97
C102,2025-01-16,facebook,222.83
C102,2025-01-16,email,126415.47
C102,2025-01-16,organic,8422.38
C104,2025-01-16,google_ads,27859.82
C104,2025-01-16,email,90457.98
C104,2025-01-16,organic,17093.36
C112,2025-01-16,google_ads,9522.08
C112,2025-01-16,facebook,1649.13
C112,2025-01-16,organic,10483.71
C105,2025-01-17,google_ads,17480.63
C105,2025-01-17,facebook,7299.95
C105,2025-01-17,email,332249.4
C105,2025-01-17,organic,2163.65
C102,2025-01-17,organic,38243.16
C112,2025-01-17,google_ads,3566.11
C112,2025-01-17,facebook,4290.09
C112,2025-01-17,organic,15922.69
C109,2025-01-17,google_ads,13359.22
C109,2025-01-17,email,179851.94
C109,2025-01-17,organic,8965.84
C111,2025-01-17,google_ads,29937.45
C111,2025-01-17,organic,40901.95
C107,2025-01-17,facebook,18358.3
C107,2025-01-17,email,322044.84
C107,2025-01-17,organic,20814.14
C110,2025-01-17,google_ads,18976.85
C110,2025-01-17,facebook,12498.31
C110,2025-01-17,email,196958.68
C110,2025-01-17,organic,37182.57
C106,2025-01-17,google_ads,8062.55
C106,2025-01-17,facebook,1013.68
C106,2025-01-17,email,297007.71
C106,2025-01-17,organic,27045.57
C103,2025-01-17,google_ads,2386.23
C103,2025-01-17,facebook,567.3
C103,2025-01-17,email,234145.18
C103,2025-01-17,organic,35149.57
C101,2025-01-18,facebook,2868.95
C101,2025-01-18,email,166360.82
C101,2025-01-18,organic,53955.62
C105,2025-01-18,google_ads,13226.5
C105,2025-01-18,facebook,9238.08
C105,2025-01-18,organic,7284.31
C106,2025-01-18,google_ads,6270.73
C106,2025-01-18,facebook,8432.61
C106,2025-01-18,organic,7689.2
C113,2025-01-18,facebook,42082.04
C113,2025-01-18,organic,5724.54
C109,2025-01-18,google_ads,3211.05
C109,2025-01-18,facebook,6774.35
C109,2025-01-18,email,403214.72
C109,2025-01-18,organic,20353.69
C111,2025-01-18,facebook,11495.03
C111,2025-01-18,email,38102.14
C111,2025-01-18,organic,4248.27
C108,2025-01-18,google_ads,34385.4
C108,2025-01-18,facebook,7343.33
C108,2025-01-18,email,45774.0
C108,2025-01-18,organic,27631.86
C112,2025-01-18,google_ads,3651.14
C112,2025-01-18,facebook,5158.1
C112,2025-01-18,email,49447.51
C112,2025-01-18,organic,10798.41
C107,2025-01-18,google_ads,26190.61
C107,2025-01-18,email,70397.6
C107,2025-01-18,organic,41263.38
C108,2025-01-19,google_ads,11898.68
C108,2025-01-19,email,62604.75
C108,2025-01-19,organic,21240.72
C105,2025-01-19,google_ads,12118.09
C105,2025-01-19,email,311545.86
C105,2025-01-19,organic,6206.57
C112,2025-01-19,google_ads,5856.75
C112,2025-01-19,organic,20316.06
C109,2025-01-19,google_ads,6819.91
C109,2025-01-19,facebook,8228.43
C109,2025-01-19,organic,15407.34
C106,2025-01-19,google_ads,12365.74
C106,2025-01-19,organic,10469.25
C110,2025-01-19,google_ads,8437.86
C110,2025-01-19,organic,16849.27
C107,2025-01-19,google_ads,20658.45
C107,2025-01-19,email,471937.05
C107,2025-01-19,organic,3951.32
C111,2025-01-19,google_ads,24883.23
C111,2025-01-19,facebook,1560.83
C111,2025-01-19,organic,6265.76
C103,2025-01-19,google_ads,5453.68
C103,2025-01-19,facebook,12880.54
C103,2025-01-19,organic,3670.27
C112,2025-01-20,google_ads,24603.35
C112,2025-01-20,facebook,8773.93
C112,2025-01-20,email,235232.89
C112,2025-01-20,organic,23798.67
C103,2025-01-20,google_ads,28747.86
C103,2025-01-20,facebook,4578.31
C103,2025-01-20,organic,4553.27
C109,2025-01-20,google_ads,23274.02
C109,2025-01-20,facebook,8097.07
C109,2025-01-20,organic,9390.47
C102,2025-01-20,facebook,7805.5
C102,2025-01-20,organic,2876.62
C108,2025-01-20,google_ads,14583.21
C108,2025-01-20,facebook,7145.96
C108,2025-01-20,email,242136.2
C108,2025-01-20,organic,16550.66
C111,2025-01-20,google_ads,13005.99
C111,2025-01-20,facebook,893.77
C111,2025-01-20,email,24042.87
C111,2025-01-20,organic,16925.0
C106,2025-01-20,google_ads,13966.6
C106,2025-01-20,facebook,11713.97
C106,2025-01-20,organic,42908.63
C105,2025-01-20,google_ads,19228.79
C105,2025-01-20,organic,9294.8
C104,2025-01-20,facebook,21099.78
C104,2025-01-20,email,15270.52
C104,2025-01-20,organic,15655.44
C108,2025-01-21,google_ads,4554.96
C108,2025-01-21,organic,16038.48
C101,2025-01-21,google_ads,8511.01
C101,2025-01-21,facebook,7644.4
C101,2025-01-21,organic,7974.89
C102,2025-01-21,google_ads,36211.74
C102,2025-01-21,organic,10077.92
C112,2025-01-21,google_ads,715.18
C112,2025-01-21,facebook,12755.61
C112,2025-01-21,email,92394.6
C112,2025-01-21,organic,20649.3
C103,2025-01-21,google_ads,13757.64
C103,2025-01-21,facebook,6357.67
C103,2025-01-21,email,404989.86
C103,2025-01-21,organic,10547.86
C104,2025-01-21,google_ads,26579.9
C104,2025-01-21,email,301240.57
C104,2025-01-21,organic,15618.13
C107,2025-01-21,facebook,3684.34
C107,2025-01-21,email,134906.51
C107,2025-01-21,organic,15384.39
C106,2025-01-21,google_ads,586.87
C106,2025-01-21,facebook,2135.34
C106,2025-01-21,organic,41613.07
C105,2025-01-21,google_ads,7916.79
C105,2025-01-21,organic,14980.48
C110,2025-01-21,facebook,2340.87
C110,2025-01-21,organic,29195.73
C113,2025-01-22,google_ads,28851.58
C113,2025-01-22,email,66159.29
C113,2025-01-22,organic,35219.04
C111,2025-01-22,google_ads,9843.58
C111,2025-01-22,facebook,2835.26
C111,2025-01-22,organic,8856.86
C105,2025-01-22,google_ads,1099.15
C105,2025-01-22,facebook,4748.36
C105,2025-01-22,email,151617.4
C105,2025-01-22,organic,14996.69
C104,2025-01-22,google_ads,11481.04
C104,2025-01-22,facebook,9955.4
C108,2025-01-22,google_ads,3857.17
C108,2025-01-22,facebook,3259.59
C108,2025-01-22,organic,31617.02
C103,2025-01-22,google_ads,7534.54
C103,2025-01-22,facebook,12999.92
C103,2025-01-22,email,57202.81
C103,2025-01-22,organic,20690.96
C106,2025-01-22,google_ads,8031.06
C106,2025-01-22,facebook,6904.69
C106,2025-01-22,organic,49514.48
C101,2025-01-22,google_ads,25165.92
C101,2025-01-22,facebook,20441.48
C101,2025-01-22,organic,18458.26
C107,2025-01-22,google_ads,11886.73
C107,2025-01-22,email,229407.57
C107,2025-01-22,organic,21883.81
C110,2025-01-22,facebook,11329.27
C110,2025-01-22,email,16204.3
C110,2025-01-22,organic,20271.15
C108,2025-01-23,google_ads,5844.48
C108,2025-01-23,facebook,15526.96
C108,2025-01-23,organic,5662.18
C103,2025-01-23,google_ads,18253.17
C103,2025-01-23,facebook,22596.64
C103,2025-01-23,email,187539.97
C103,2025-01-23,organic,18018.68
C104,2025-01-23,google_ads,20623.66
C104,2025-01-23,facebook,8728.48
C104,2025-01-23,organic,18367.99
C112,2025-01-23,google_ads,11898.46
C112,2025-01-23,organic,4584.62
C101,2025-01-23,facebook,15255.92
C101,2025-01-23,email,17439.21
C101,2025-01-23,organic,30784.35
C106,2025-01-23,google_ads,17719.56
C106,2025-01-23,email,160975.4
C106,2025-01-23,organic,27788.54
C102,2025-01-23,google_ads,25293.59
C102,2025-01-23,email,84613.98
C102,2025-01-23,organic,8433.99
C107,2025-01-23,google_ads,6079.59
C107,2025-01-23,facebook,2736.25
C107,2025-01-23,email,514322.99
C107,2025-01-23,organic,11423.47
C111,2025-01-23,google_ads,8514.88
C111,2025-01-23,facebook,20093.39
C111,2025-01-23,email,250180.7
C111,2025-01-23,organic,20859.78
C110,2025-01-23,google_ads,28082.48
C110,2025-01-23,email,122754.65
C110,2025-01-23,organic,51258.83
C107,2025-01-24,google_ads,7225.15
C107,2025-01-24,facebook,17042.58
C107,2025-01-24,email,51716.1
C101,2025-01-24,google_ads,5594.12
C101,2025-01-24,facebook,10405.73
C101,2025-01-24,organic,13811.62
C105,2025-01-24,google_ads,17984.41
C105,2025-01-24,organic,35545.54
C108,2025-01-24,google_ads,9672.08
C108,2025-01-24,facebook,6184.6
C108,2025-01-24,organic,5014.8
C102,2025-01-24,google_ads,11263.66
C102,2025-01-24,facebook,6208.28
C102,2025-01-24,email,314690.96
C102,2025-01-24,organic,45746.89
C104,2025-01-24,google_ads,5131.99
C104,2025-01-24,facebook,9949.49
C104,2025-01-24,organic,55601.9
C103,2025-01-24,google_ads,34119.54
C103,2025-01-24,facebook,43468.4
C103,2025-01-24,email,532241.01
C103,2025-01-24,organic,19431.29
C111,2025-01-24,google_ads,17099.05
C111,2025-01-24,facebook,15071.64
C111,2025-01-24,organic,7910.64
C110,2025-01-24,facebook,9154.54
C110,2025-01-24,organic,27088.27
C109,2025-01-24,google_ads,22284.23
C109,2025-01-24,facebook,11756.0
C109,2025-01-24,email,56218.0
C109,2025-01-24,organic,17561.22
C113,2025-01-25,google_ads,14491.37
C113,2025-01-25,facebook,13740.71
C113,2025-01-25,organic,45117.99
C108,2025-01-25,google_ads,17308.0
C108,2025-01-25,facebook,3033.58
C108,2025-01-25,email,86578.62
C108,2025-01-25,organic,6029.74
C110,2025-01-25,facebook,22879.69
C110,2025-01-25,organic,18556.37
C105,2025-01-25,google_ads,15159.17
C105,2025-01-25,email,193719.35
C105,2025-01-25,organic,36050.87
C111,2025-01-25,google_ads,13456.86
C111,2025-01-25,email,188432.6
C111,2025-01-25,organic,10560.05
C103,2025-01-25,google_ads,3740.57
C103,2025-01-25,organic,11238.21
C107,2025-01-25,google_ads,6924.89
C107,2025-01-25,facebook,1338.32
C107,2025-01-25,organic,13714.12
C106,2025-01-25,facebook,5617.18
C106,2025-01-25,email,545272.82
C106,2025-01-25,organic,13517.0
C101,2025-01-25,google_ads,6123.76
C101,2025-01-25,organic,13097.94
C109,2025-01-25,google_ads,3079.07
C109,2025-01-25,facebook,6000.91
C109,2025-01-25,email,92244.99
C109,2025-01-25,organic,23120.82
C105,2025-01-26,google_ads,7830.45
C105,2025-01-26,facebook,15558.06
C105,2025-01-26,email,37986.55
C105,2025-01-26,organic,35879.04
C102,2025-01-26,google_ads,10096.7
C102,2025-01-26,facebook,6933.19
C102,2025-01-26,organic,14497.83
C109,2025-01-26,google_ads,859.69
C109,2025-01-26,facebook,12034.61
C109,2025-01-26,organic,10880.02
C112,2025-01-26,google_ads,5684.59
C112,2025-01-26,facebook,16120.7
C112,2025-01-26,email,180192.89
C112,2025-01-26,organic,6274.9
C113,2025-01-26,google_ads,29017.83
C113,2025-01-26,facebook,4249.77
C113,2025-01-26,email,79479.17
C113,2025-01-26,organic,16194.41
C107,2025-01-26,google_ads,22077.7
C107,2025-01-26,email,217317.08
C107,2025-01-26,organic,29593.07
C108,2025-01-26,google_ads,2418.35
C108,2025-01-26,facebook,16844.23
C108,2025-01-26,email,215471.91
C108,2025-01-26,organic,18597.02
C111,2025-01-26,google_ads,9086.88
C111,2025-01-26,facebook,29115.16
C111,2025-01-26,email,144616.5
C111,2025-01-26,organic,10772.09
C106,2025-01-26,organic,29715.62
C104,2025-01-26,google_ads,16435.49
C104,2025-01-26,facebook,12094.38
C104,2025-01-26,email,159747.29
C104,2025-01-26,organic,7315.89
C109,2025-01-27,google_ads,2090.09
C109,2025-01-27,facebook,9580.92
C109,2025-01-27,organic,18497.9
C102,2025-01-27,google_ads,9084.97
C102,2025-01-27,facebook,3940.92
C102,2025-01-27,organic,15602.56
C106,2025-01-27,google_ads,9070.56
C106,2025-01-27,facebook,12327.52
C106,2025-01-27,organic,6062.38
C112,2025-01-27,google_ads,20684.06
C112,2025-01-27,email,155044.91
C112,2025-01-27,organic,28372.61
C108,2025-01-27,google_ads,2198.92
C108,2025-01-27,email,132333.24
C108,2025-01-27,organic,19383.81
C111,2025-01-27,google_ads,4312.85
C111,2025-01-27,facebook,14582.88
C111,2025-01-27,email,417609.16
C111,2025-01-27,organic,42651.5
C103,2025-01-27,facebook,659.27
C103,2025-01-27,email,79153.69
C103,2025-01-27,organic,13570.45
C105,2025-01-27,email,58646.46
C105,2025-01-27,organic,24673.63
C104,2025-01-27,facebook,10046.7
C104,2025-01-27,email,160351.99
C104,2025-01-27,organic,5034.72
C107,2025-01-27,google_ads,7757.3
C107,2025-01-27,facebook,13450.27
C107,2025-01-27,organic,36296.08
C101,2025-01-28,google_ads,6348.18
C101,2025-01-28,facebook,4078.69
C101,2025-01-28,email,355233.86
C101,2025-01-28,organic,28794.85
C103,2025-01-28,google_ads,14549.7
C103,2025-01-28,facebook,14315.87
C103,2025-01-28,email,103059.37
C103,2025-01-28,organic,13397.92
C106,2025-01-28,google_ads,5579.49
C106,2025-01-28,facebook,7488.34
C106,2025-01-28,email,106535.88
C106,2025-01-28,organic,24148.13
C104,2025-01-28,google_ads,21419.85
C104,2025-01-28,facebook,20543.88
C104,2025-01-28,organic,5930.75
C107,2025-01-28,google_ads,4793.11
C107,2025-01-28,facebook,18819.66
C107,2025-01-28,organic,42287.28
C111,2025-01-28,google_ads,49727.84
C111,2025-01-28,email,180881.44
C111,2025-01-28,organic,7362.4
C105,2025-01-28,facebook,681.58
C105,2025-01-28,email,224682.74
C105,2025-01-28,organic,2773.99
C109,2025-01-28,google_ads,4415.89
C109,2025-01-28,facebook,6350.75
C109,2025-01-28,email,15610.8
C109,2025-01-28,organic,41341.91
C102,2025-01-28,google_ads,11158.42
C102,2025-01-28,facebook,9075.7
C102,2025-01-28,email,61452.05
C102,2025-01-28,organic,13444.53
C108,2025-01-28,google_ads,4728.98
C108,2025-01-28,facebook,10755.57
C108,2025-01-28,email,388688.2
C108,2025-01-28,organic,3592.23
C105,2025-01-29,google_ads,11823.97
C105,2025-01-29,facebook,2505.11
C105,2025-01-29,email,148197.17
C105,2025-01-29,organic,26944.42
C104,2025-01-29,google_ads,21571.88
C104,2025-01-29,facebook,4169.28
C104,2025-01-29,email,76488.33
C104,2025-01-29,organic,12910.91
C102,2025-01-29,google_ads,3620.64
C102,2025-01-29,facebook,7175.4
C102,2025-01-29,organic,36463.37
C101,2025-01-29,google_ads,12092.81
C101,2025-01-29,email,184657.49
C101,2025-01-29,organic,27672.19
C110,2025-01-29,google_ads,34401.52
C110,2025-01-29,facebook,15416.66
C110,2025-01-29,email,731448.56
C110,2025-01-29,organic,24190.41
C108,2025-01-29,facebook,16788.6
C108,2025-01-29,email,282511.72
C108,2025-01-29,organic,22073.32
C112,2025-01-29,google_ads,23343.33
C112,2025-01-29,facebook,1119.22
C112,2025-01-29,organic,15914.69
C111,2025-01-29,google_ads,3409.23
C111,2025-01-29,organic,11662.75
C103,2025-01-29,facebook,9278.0
C103,2025-01-29,email,201463.0
C103,2025-01-29,organic,5832.82
C106,2025-01-29,google_ads,7932.52
C106,2025-01-29,facebook,9815.49
C106,2025-01-29,email,90993.73
C106,2025-01-29,organic,5850.73
C101,2025-01-30,facebook,4389.83
C101,2025-01-30,email,351133.2
C101,2025-01-30,organic,7663.49
C104,2025-01-30,google_ads,1576.65
C104,2025-01-30,facebook,16017.9
C104,2025-01-30,email,77820.08
C104,2025-01-30,organic,6613.84
C107,2025-01-30,google_ads,7592.32
C107,2025-01-30,facebook,7409.99
C107,2025-01-30,organic,28506.41
C113,2025-01-30,google_ads,24010.74
C113,2025-01-30,email,131358.68
C113,2025-01-30,organic,50031.74
C109,2025-01-30,google_ads,14188.24
C109,2025-01-30,facebook,24131.82
C109,2025-01-30,email,295244.06
C109,2025-01-30,organic,5332.24
C103,2025-01-30,google_ads,1216.79
C103,2025-01-30,facebook,4465.98
C103,2025-01-30,email,77824.23
C103,2025-01-30,organic,19147.17
C111,2025-01-30,google_ads,6279.82
C111,2025-01-30,facebook,741.44
C111,2025-01-30,organic,3041.87
C112,2025-01-30,google_ads,34125.16
C112,2025-01-30,facebook,10757.16
C112,2025-01-30,organic,30833.94
C105,2025-01-30,google_ads,5166.68
C105,2025-01-30,facebook,3655.49
C105,2025-01-30,organic,28547.07
C110,2025-01-30,facebook,10542.88
C110,2025-01-30,email,205699.3
C110,2025-01-30,organic,6854.99
C106,2025-01-31,google_ads,15072.22
C106,2025-01-31,facebook,5266.63
C106,2025-01-31,email,106956.38
C106,2025-01-31,organic,42781.16
C102,2025-01-31,google_ads,19783.16
C102,2025-01-31,email,517596.92
C102,2025-01-31,organic,8923.95
C104,2025-01-31,google_ads,7885.83
C104,2025-01-31,facebook,9406.19
C104,2025-01-31,email,11226.68
C104,2025-01-31,organic,20174.64
C110,2025-01-31,google_ads,6197.36
C110,2025-01-31,facebook,21794.33
C110,2025-01-31,email,83420.97
C110,2025-01-31,organic,3850.56
C112,2025-01-31,facebook,4998.34
C112,2025-01-31,organic,26704.93
C109,2025-01-31,google_ads,12427.46
C109,2025-01-31,facebook,13708.34
C109,2025-01-31,email,279689.59
C109,2025-01-31,organic,7515.03
C111,2025-01-31,google_ads,26212.47
C111,2025-01-31,facebook,6445.78
C111,2025-01-31,organic,36440.98
C105,2025-01-31,google_ads,24644.33
C105,2025-01-31,facebook,4372.61
C105,2025-01-31,organic,21852.16
C113,2025-01-31,google_ads,17704.59
C113,2025-01-31,facebook,6399.91
C113,2025-01-31,email,151566.07
C113,2025-01-31,organic,27951.5
C108,2025-01-31,google_ads,9755.87
C108,2025-01-31,email,197133.25
C108,2025-01-31,organic,16602.61
C110,2025-02-01,google_ads,14115.05
C110,2025-02-01,facebook,16337.37
C110,2025-02-01,email,51779.16
C110,2025-02-01,organic,29887.89
C105,2025-02-01,google_ads,4129.2
C105,2025-02-01,facebook,9457.97
C105,2025-02-01,organic,30602.53
C109,2025-02-01,google_ads,1959.41
C109,2025-02-01,facebook,24741.83
C109,2025-02-01,organic,4016.39
C101,2025-02-01,google_ads,22473.58
C101,2025-02-01,facebook,16414.29
C101,2025-02-01,email,283033.43
C101,2025-02-01,organic,30357.39
C104,2025-02-01,google_ads,5286.9
C104,2025-02-01,facebook,21853.25
C104,2025-02-01,email,162371.79
C104,2025-02-01,organic,18107.15
C103,2025-02-01,google_ads,7986.57
C103,2025-02-01,facebook,3251.54
C103,2025-02-01,email,211292.4
C107,2025-02-01,google_ads,2953.13
C107,2025-02-01,facebook,9605.78
C107,2025-02-01,email,77536.47
C107,2025-02-01,organic,18750.8
C102,2025-02-01,google_ads,8521.41
C102,2025-02-01,facebook,17776.86
C102,2025-02-01,organic,15507.5
C111,2025-02-01,facebook,23349.18
C111,2025-02-01,email,73057.8
C111,2025-02-01,organic,30786.07
C108,2025-02-01,google_ads,6472.8
C108,2025-02-01,facebook,3337.11
C108,2025-02-01,organic,21782.31
C108,2025-02-02,email,189301.39
C108,2025-02-02,organic,26450.05
C106,2025-02-02,google_ads,11253.78
C106,2025-02-02,facebook,2306.06
C106,2025-02-02,organic,1841.67
C102,2025-02-02,google_ads,9952.05
C102,2025-02-02,facebook,3587.52
C102,2025-02-02,email,478344.66
C102,2025-02-02,organic,9391.86
C103,2025-02-02,google_ads,9253.23
C103,2025-02-02,facebook,7175.57
C103,2025-02-02,email,438124.21
C103,2025-02-02,organic,15824.43
C113,2025-02-02,google_ads,16597.72
C113,2025-02-02,email,49252.82
C113,2025-02-02,organic,7280.92
C110,2025-02-02,google_ads,5630.73
C110,2025-02-02,facebook,2590.04
C110,2025-02-02,email,235031.38
C110,2025-02-02,organic,8831.25
C105,2025-02-02,google_ads,5433.95
C105,2025-02-02,facebook,19473.54
C105,2025-02-02,email,78539.96
C105,2025-02-02,organic,5673.91
C111,2025-02-02,google_ads,30476.52
C111,2025-02-02,email,97469.3
C111,2025-02-02,organic,19227.53
C107,2025-02-02,google_ads,8531.62
C107,2025-02-02,facebook,23696.0
C107,2025-02-02,organic,38265.64
C109,2025-02-02,google_ads,19534.34
C109,2025-02-02,facebook,1821.84
C109,2025-02-02,organic,34720.74
C105,2025-02-03,facebook,20827.37
C112,2025-02-03,google_ads,10451.22
C112,2025-02-03,organic,45680.16
C109,2025-02-03,google_ads,8216.01
C109,2025-02-03,facebook,9650.75
C109,2025-02-03,organic,3968.9
C101,2025-02-03,google_ads,4765.31
C101,2025-02-03,email,220483.55
C101,2025-02-03,organic,22486.7
C110,2025-02-03,google_ads,4716.22
C110,2025-02-03,facebook,30555.6
C110,2025-02-03,organic,6827.28
C113,2025-02-03,google_ads,9408.83
C113,2025-02-03,facebook,5671.47
C113,2025-02-03,organic,21087.09
C102,2025-02-03,google_ads,3240.37
C102,2025-02-03,organic,13591.43
C108,2025-02-03,google_ads,11991.44
C108,2025-02-03,facebook,18601.57
C108,2025-02-03,email,207573.07
C108,2025-02-03,organic,34125.34
C106,2025-02-03,google_ads,7163.02
C106,2025-02-03,facebook,32274.51
C106,2025-02-03,email,172908.04
C106,2025-02-03,organic,19444.96
C107,2025-02-03,google_ads,3987.5
C107,2025-02-03,facebook,3550.01
C107,2025-02-03,email,150271.79
C107,2025-02-03,organic,19512.06
C109,2025-02-04,google_ads,21127.15
C109,2025-02-04,facebook,7891.43
C109,2025-02-04,email,242018.2
C109,2025-02-04,organic,21153.48
C104,2025-02-04,google_ads,14355.97
C104,2025-02-04,email,457101.93
C104,2025-02-04,organic,4446.22
C108,2025-02-04,google_ads,13718.88
C108,2025-02-04,facebook,13405.69
C108,2025-02-04,organic,50112.62
C113,2025-02-04,google_ads,8460.56
C113,2025-02-04,facebook,5163.31
C113,2025-02-04,email,115438.44
C113,2025-02-04,organic,9988.61
C101,2025-02-04,google_ads,1603.92
C101,2025-02-04,facebook,6581.23
C101,2025-02-04,email,90995.66
C101,2025-02-04,organic,12422.28
C111,2025-02-04,google_ads,15446.48
C111,2025-02-04,organic,5835.89
C106,2025-02-04,facebook,3441.9
C106,2025-02-04,organic,13005.83
C110,2025-02-04,google_ads,5565.55
C110,2025-02-04,facebook,5462.07
C110,2025-02-04,organic,51868.05
C107,2025-02-04,google_ads,7137.8
C107,2025-02-04,email,15385.99
C107,2025-02-04,organic,18659.58
C102,2025-02-04,google_ads,10422.44
C102,2025-02-04,facebook,8854.14
C102,2025-02-04,email,369692.26
C102,2025-02-04,organic,51073.01
C112,2025-02-05,google_ads,12450.02
C112,2025-02-05,facebook,2822.88
C112,2025-02-05,organic,28415.26
C102,2025-02-05,google_ads,6186.56
C102,2025-02-05,facebook,16182.56
C102,2025-02-05,organic,9225.09
C106,2025-02-05,facebook,10507.4
C106,2025-02-05,organic,4667.71
C101,2025-02-05,facebook,4205.51
C101,2025-02-05,email,149411.49
C101,2025-02-05,organic,14333.07
C105,2025-02-05,google_ads,31224.44
C105,2025-02-05,facebook,4573.16
C105,2025-02-05,organic,39219.45
C107,2025-02-05,google_ads,19252.24
C107,2025-02-05,facebook,10145.96
C107,2025-02-05,email,45340.73
C107,2025-02-05,organic,19630.18
C110,2025-02-05,google_ads,7462.46
C110,2025-02-05,facebook,12012.14
C110,2025-02-05,email,158855.38
C110,2025-02-05,organic,30139.45
C111,2025-02-05,google_ads,17686.49
C111,2025-02-05,facebook,8880.9
C111,2025-02-05,email,114492.79
C111,2025-02-05,organic,11471.95
C108,2025-02-05,google_ads,11075.14
C108,2025-02-05,facebook,11009.1
C108,2025-02-05,email,68590.52
C108,2025-02-05,organic,33771.26
C104,2025-02-05,facebook,9736.42
C104,2025-02-05,email,29747.71
C104,2025-02-05,organic,37632.47
C112,2025-02-06,google_ads,28758.47
C112,2025-02-06,facebook,1804.24
C112,2025-02-06,organic,10468.09
C109,2025-02-06,google_ads,596.48
C109,2025-02-06,organic,12977.94
C105,2025-02-06,google_ads,45876.82
C105,2025-02-06,facebook,10248.17
C105,2025-02-06,organic,8412.64
C111,2025-02-06,google_ads,16657.22
C111,2025-02-06,facebook,5336.01
C111,2025-02-06,email,757519.79
C111,2025-02-06,organic,14378.29
C106,2025-02-06,google_ads,21286.35
C106,2025-02-06,facebook,18270.16
C106,2025-02-06,email,253414.89
C106,2025-02-06,organic,43174.61
C103,2025-02-06,google_ads,10701.54
C103,2025-02-06,facebook,25732.44
C103,2025-02-06,email,285666.57
C103,2025-02-06,organic,7409.08
C101,2025-02-06,google_ads,29574.46
C101,2025-02-06,facebook,26521.61
C101,2025-02-06,email,98081.92
C101,2025-02-06,organic,30121.03
C107,2025-02-06,google_ads,17883.02
C107,2025-02-06,facebook,3915.4
C107,2025-02-06,email,589884.59
C107,2025-02-06,organic,13628.24
C102,2025-02-06,google_ads,22478.09
C102,2025-02-06,facebook,3963.68
C102,2025-02-06,organic,6932.26
C113,2025-02-06,facebook,7325.61
C113,2025-02-06,organic,33380.93
C111,2025-02-07,google_ads,2912.17
C111,2025-02-07,facebook,2523.7
C111,2025-02-07,email,337280.07
C111,2025-02-07,organic,11148.04
C109,2025-02-07,google_ads,1821.95
C109,2025-02-07,facebook,3128.11
C109,2025-02-07,email,127735.62
C109,2025-02-07,organic,18587.11
C113,2025-02-07,facebook,5565.32
C113,2025-02-07,organic,12199.61
C105,2025-02-07,google_ads,10934.75
C105,2025-02-07,facebook,8766.48
C105,2025-02-07,email,166043.66
C105,2025-02-07,organic,10552.45
C112,2025-02-07,google_ads,10825.13
C112,2025-02-07,facebook,20129.06
C112,2025-02-07,organic,9074.5
C104,2025-02-07,google_ads,1063.74
C104,2025-02-07,email,211267.18
C104,2025-02-07,organic,10804.32
C107,2025-02-07,google_ads,5921.09
C107,2025-02-07,facebook,5666.44
C107,2025-02-07,email,127047.93
C107,2025-02-07,organic,7419.79
C103,2025-02-07,google_ads,31014.28
C103,2025-02-07,email,639013.6
C103,2025-02-07,organic,37946.1
C101,2025-02-07,google_ads,13716.68
C101,2025-02-07,facebook,6033.49
C101,2025-02-07,email,343237.21
C101,2025-02-07,organic,26522.62
C106,2025-02-07,google_ads,13517.33
C106,2025-02-07,facebook,8458.9
C106,2025-02-07,organic,25619.73
C102,2025-02-08,google_ads,7805.77
C102,2025-02-08,facebook,13661.18
C102,2025-02-08,email,110888.71
C102,2025-02-08,organic,32199.45
C104,2025-02-08,google_ads,24826.76
C104,2025-02-08,facebook,13768.59
C104,2025-02-08,organic,10551.02
C113,2025-02-08,facebook,8520.77
C113,2025-02-08,organic,15453.34
C110,2025-02-08,google_ads,870.84
C110,2025-02-08,facebook,11486.83
C110,2025-02-08,organic,11803.53
C101,2025-02-08,facebook,14222.49
C101,2025-02-08,email,262412.04
C101,2025-02-08,organic,44680.1
C108,2025-02-08,google_ads,31239.22
C108,2025-02-08,organic,41979.45
C105,2025-02-08,google_ads,15497.78
C105,2025-02-08,facebook,24303.87
C105,2025-02-08,email,348832.8
C105,2025-02-08,organic,34406.11
C112,2025-02-08,google_ads,17753.48
C112,2025-02-08,facebook,3619.83
C112,2025-02-08,email,154336.84
C112,2025-02-08,organic,21265.53
C106,2025-02-08,google_ads,24586.66
C106,2025-02-08,facebook,4128.63
C106,2025-02-08,organic,13210.01
C107,2025-02-08,google_ads,6739.08
C107,2025-02-08,email,88279.66
C107,2025-02-08,organic,39489.05
C107,2025-02-09,google_ads,11010.72
C107,2025-02-09,facebook,284.71
C107,2025-02-09,email,148277.44
C107,2025-02-09,organic,10090.31
C108,2025-02-09,google_ads,33243.74
C108,2025-02-09,facebook,1082.05
C108,2025-02-09,email,162808.17
C108,2025-02-09,organic,28392.59
C101,2025-02-09,facebook,15234.53
C101,2025-02-09,email,85121.35
C101,2025-02-09,organic,6024.5
C104,2025-02-09,google_ads,7971.97
C104,2025-02-09,email,388067.97
C104,2025-02-09,organic,52081.83
C102,2025-02-09,google_ads,9247.61
C102,2025-02-09,facebook,12496.93
C102,2025-02-09,email,375627.38
C102,2025-02-09,organic,4427.47
C106,2025-02-09,google_ads,15348.05
C106,2025-02-09,facebook,5485.33
C106,2025-02-09,email,384730.26
C106,2025-02-09,organic,15042.64
C112,2025-02-09,google_ads,7448.69
C112,2025-02-09,organic,16120.6
C111,2025-02-09,google_ads,10304.09
C111,2025-02-09,facebook,10150.82
C111,2025-02-09,email,295343.33
C111,2025-02-09,organic,44067.88
C105,2025-02-09,google_ads,4987.53
C105,2025-02-09,organic,9264.74
C110,2025-02-09,google_ads,4744.82
C110,2025-02-09,facebook,10894.22
C110,2025-02-09,organic,18799.5
C111,2025-02-10,google_ads,13018.32
C111,2025-02-10,facebook,1400.09
C111,2025-02-10,organic,16445.54
C103,2025-02-10,google_ads,7297.99
C103,2025-02-10,facebook,4379.91
C103,2025-02-10,organic,14008.64
C104,2025-02-10,facebook,10036.18
C104,2025-02-10,email,190952.87
C104,2025-02-10,organic,5785.77
C101,2025-02-10,google_ads,28241.17
C101,2025-02-10,organic,38367.77
C113,2025-02-10,google_ads,30283.16
C113,2025-02-10,organic,10126.26
C107,2025-02-10,organic,4771.55
C105,2025-02-10,google_ads,17679.53
C105,2025-02-10,organic,17168.82
C109,2025-02-10,facebook,22116.01
C109,2025-02-10,organic,9759.96
C110,2025-02-10,google_ads,14016.55
C110,2025-02-10,facebook,3936.3
C110,2025-02-10,organic,16666.36
C102,2025-02-10,google_ads,5393.7
C102,2025-02-10,email,105246.35
C102,2025-02-10,organic,9195.14
C106,2025-02-11,google_ads,14805.31
C106,2025-02-11,facebook,17587.89
C106,2025-02-11,email,98136.88
C106,2025-02-11,organic,2757.24
C104,2025-02-11,google_ads,8381.25
C104,2025-02-11,facebook,20503.26
C104,2025-02-11,email,157037.37
C104,2025-02-11,organic,35598.12
C107,2025-02-11,google_ads,23933.81
C107,2025-02-11,facebook,2993.93
C107,2025-02-11,email,107948.08
C107,2025-02-11,organic,28477.53
C113,2025-02-11,google_ads,21976.47
C113,2025-02-11,facebook,2774.34
C113,2025-02-11,organic,9350.18
C102,2025-02-11,google_ads,53124.08
C102,2025-02-11,facebook,4205.11
C102,2025-02-11,email,100632.06
C102,2025-02-11,organic,11119.01
C110,2025-02-11,google_ads,19407.78
C110,2025-02-11,facebook,6547.59
C110,2025-02-11,email,406916.94
C110,2025-02-11,organic,37115.01
C111,2025-02-11,google_ads,13342.43
C111,2025-02-11,email,195896.02
C111,2025-02-11,organic,19895.55
C112,2025-02-11,google_ads,6620.8
C112,2025-02-11,facebook,6497.22
C112,2025-02-11,email,220729.39
C112,2025-02-11,organic,41327.02
C109,2025-02-11,google_ads,30680.61
C109,2025-02-11,facebook,29334.8
C109,2025-02-11,organic,44068.74
C108,2025-02-11,organic,62710.88
C103,2025-02-12,organic,11432.32
C107,2025-02-12,google_ads,6128.01
C107,2025-02-12,facebook,6704.16
C107,2025-02-12,email,94921.36
C107,2025-02-12,organic,21386.12
C102,2025-02-12,google_ads,21023.44
C102,2025-02-12,facebook,6732.27
C102,2025-02-12,email,70426.27
C102,2025-02-12,organic,42307.74
C111,2025-02-12,google_ads,15880.55
C111,2025-02-12,organic,16415.09
C106,2025-02-12,google_ads,21663.25
C106,2025-02-12,facebook,12717.17
C106,2025-02-12,organic,42639.55
C101,2025-02-12,google_ads,3779.37
C101,2025-02-12,email,53631.96
C101,2025-02-12,organic,1834.73
C113,2025-02-12,google_ads,7192.28
C113,2025-02-12,facebook,11702.43
C113,2025-02-12,email,221225.72
C113,2025-02-12,organic,17084.62
C104,2025-02-12,organic,8015.41
C108,2025-02-12,google_ads,18235.76
C108,2025-02-12,facebook,9163.34
C108,2025-02-12,email,87422.26
C108,2025-02-12,organic,10767.59
C112,2025-02-12,google_ads,8093.17
C112,2025-02-12,facebook,15261.95
C112,2025-02-12,email,183850.65
C112,2025-02-12,organic,41973.59
C102,2025-02-13,google_ads,2992.29
C102,2025-02-13,facebook,11356.6
C102,2025-02-13,email,242113.68
C102,2025-02-13,organic,50025.97
C113,2025-02-13,facebook,8636.15
C113,2025-02-13,email,234307.41
C113,2025-02-13,organic,16390.57
C101,2025-02-13,google_ads,31737.67
C101,2025-02-13,facebook,6456.36
C101,2025-02-13,email,78292.32
C101,2025-02-13,organic,20752.55
C111,2025-02-13,google_ads,10044.66
C111,2025-02-13,facebook,15703.78
C111,2025-02-13,email,134734.88
C111,2025-02-13,organic,4530.38
C110,2025-02-13,google_ads,16928.15
C110,2025-02-13,email,35358.12
C110,2025-02-13,organic,1517.05
C108,2025-02-13,google_ads,5759.02
C108,2025-02-13,organic,4322.21
C105,2025-02-13,google_ads,6222.94
C105,2025-02-13,facebook,28562.4
C105,2025-02-13,organic,20429.31
C109,2025-02-13,google_ads,30226.4
C109,2025-02-13,facebook,6816.53
C109,2025-02-13,organic,23259.37
C112,2025-02-13,google_ads,9694.04
C112,2025-02-13,organic,7312.0
C103,2025-02-13,google_ads,12473.67
C103,2025-02-13,facebook,17685.61
C103,2025-02-13,email,180039.73
C103,2025-02-13,organic,2745.82
C106,2025-02-13,google_ads,5995.4
C106,2025-02-13,facebook,8592.65
C106,2025-02-13,email,34782.86
C106,2025-02-13,organic,14856.8
C109,2025-02-14,google_ads,1290.76
C109,2025-02-14,facebook,5939.85
C109,2025-02-14,organic,20700.25
C110,2025-02-14,facebook,4591.75
C110,2025-02-14,organic,13826.98
C104,2025-02-14,google_ads,22414.43
C104,2025-02-14,facebook,3999.47
C104,2025-02-14,email,81525.38
C104,2025-02-14,organic,17755.2
C101,2025-02-14,google_ads,12085.08
C101,2025-02-14,organic,9719.38
C102,2025-02-14,google_ads,13869.84
C102,2025-02-14,facebook,12735.05
C102,2025-02-14,email,154711.82
C102,2025-02-14,organic,12014.21
C108,2025-02-14,google_ads,371.72
C108,2025-02-14,organic,31473.96
C105,2025-02-14,google_ads,3925.96
C105,2025-02-14,facebook,7795.58
C105,2025-02-14,organic,3852.72
C111,2025-02-14,google_ads,204.28
C111,2025-02-14,email,45404.11
C111,2025-02-14,organic,4228.76
C113,2025-02-14,google_ads,23591.31
C113,2025-02-14,facebook,3012.43
C113,2025-02-14,email,400887.67
C113,2025-02-14,organic,44176.2
C112,2025-02-14,google_ads,16484.58
C112,2025-02-14,email,140495.21
C112,2025-02-14,organic,25028.33
C107,2025-02-14,google_ads,5512.87
C107,2025-02-14,facebook,15745.66
C107,2025-02-14,organic,17551.8
C104,2025-02-15,google_ads,44667.49
C104,2025-02-15,facebook,18358.66
C104,2025-02-15,email,289758.72
C104,2025-02-15,organic,7228.74
C101,2025-02-15,google_ads,36339.57
C101,2025-02-15,facebook,24040.6
C101,2025-02-15,organic,16170.78
C105,2025-02-15,google_ads,26909.65
C105,2025-02-15,organic,28554.97
C111,2025-02-15,google_ads,6759.67
C111,2025-02-15,email,294756.65
C111,2025-02-15,organic,4410.24
C112,2025-02-15,google_ads,12832.42
C112,2025-02-15,facebook,15545.0
C112,2025-02-15,email,115950.11
C112,2025-02-15,organic,6055.08
C108,2025-02-15,google_ads,19366.84
C108,2025-02-15,facebook,8758.55
C108,2025-02-15,email,265184.93
C108,2025-02-15,organic,38768.62
C106,2025-02-15,google_ads,13348.89
C106,2025-02-15,email,28627.03
C106,2025-02-15,organic,5224.93
C102,2025-02-15,google_ads,7232.86
C102,2025-02-15,facebook,26970.81
C102,2025-02-15,organic,44373.42
C107,2025-02-15,google_ads,7688.33
C107,2025-02-15,facebook,4227.57
C107,2025-02-15,organic,17695.18
C110,2025-02-15,google_ads,407.42
C110,2025-02-15,facebook,18064.37
C110,2025-02-15,organic,6776.51
C113,2025-02-15,google_ads,19871.97
C113,2025-02-15,facebook,11153.56
C113,2025-02-15,email,182035.73
C113,2025-02-15,organic,13551.99
C104,2025-02-16,google_ads,33065.12
C104,2025-02-16,facebook,9385.42
C104,2025-02-16,email,161033.07
C104,2025-02-16,organic,9277.01
C111,2025-02-16,google_ads,2038.54
C111,2025-02-16,email,542116.65
C111,2025-02-16,organic,46856.03
C105,2025-02-16,google_ads,12238.0
C105,2025-02-16,facebook,4604.03
C105,2025-02-16,organic,24701.52
C108,2025-02-16,google_ads,1621.4
C108,2025-02-16,facebook,10040.69
C108,2025-02-16,organic,14234.87
C113,2025-02-16,google_ads,7758.71
C113,2025-02-16,email,111867.42
C113,2025-02-16,organic,13439.67
C110,2025-02-16,google_ads,11167.87
C110,2025-02-16,facebook,4043.61
C110,2025-02-16,organic,5609.11
C106,2025-02-16,google_ads,12283.55
C106,2025-02-16,facebook,4507.56
C106,2025-02-16,organic,4725.99
C101,2025-02-16,google_ads,10637.17
C101,2025-02-16,facebook,15275.3
C101,2025-02-16,organic,26198.42
C112,2025-02-16,google_ads,7794.33
C112,2025-02-16,facebook,5687.53
C112,2025-02-16,email,230956.58
C112,2025-02-16,organic,14617.5
C109,2025-02-16,google_ads,7628.18
C109,2025-02-16,organic,20434.59
C107,2025-02-16,google_ads,19539.65
C107,2025-02-16,facebook,8756.05
C107,2025-02-16,organic,46752.15
C101,2025-02-17,google_ads,19589.17
C101,2025-02-17,facebook,17926.77
C101,2025-02-17,email,224429.19
C101,2025-02-17,organic,28900.44
C112,2025-02-17,google_ads,14875.3
C112,2025-02-17,facebook,13123.04
C112,2025-02-17,organic,18304.01
C109,2025-02-17,google_ads,32390.89
C109,2025-02-17,facebook,13307.63
C109,2025-02-17,email,236574.21
C109,2025-02-17,organic,26748.11
C111,2025-02-17,facebook,3347.65
C111,2025-02-17,email,68966.34
C111,2025-02-17,organic,26307.03
C102,2025-02-17,google_ads,10441.28
C102,2025-02-17,facebook,23854.01
C102,2025-02-17,email,102389.74
C102,2025-02-17,organic,19668.85
C107,2025-02-17,google_ads,22863.68
C107,2025-02-17,facebook,7926.91
C107,2025-02-17,email,102508.19
C107,2025-02-17,organic,4067.2
C104,2025-02-17,google_ads,6883.85
C104,2025-02-17,facebook,1267.22
C104,2025-02-17,email,179194.56
C104,2025-02-17,organic,38691.03
C103,2025-02-17,facebook,7465.16
C103,2025-02-17,email,71034.93
C103,2025-02-17,organic,9581.33
C110,2025-02-17,google_ads,17238.36
C110,2025-02-17,facebook,22470.84
C110,2025-02-17,organic,10787.61
C108,2025-02-17,google_ads,13370.78
C108,2025-02-17,facebook,15968.78
C108,2025-02-17,organic,22401.58
C113,2025-02-17,google_ads,12805.2
C113,2025-02-17,facebook,7171.68
C113,2025-02-17,organic,37518.88
C108,2025-02-18,google_ads,23130.99
C108,2025-02-18,email,115705.95
C108,2025-02-18,organic,26828.0
C101,2025-02-18,google_ads,5606.12
C101,2025-02-18,facebook,2223.84
C101,2025-02-18,email,289987.65
C101,2025-02-18,organic,2567.06
C102,2025-02-18,google_ads,10830.8
C102,2025-02-18,facebook,4467.6
C102,2025-02-18,organic,5992.87
C105,2025-02-18,google_ads,11968.63
C105,2025-02-18,facebook,13692.74
C105,2025-02-18,email,156326.68
C105,2025-02-18,organic,7640.49
C107,2025-02-18,google_ads,14755.0
C107,2025-02-18,facebook,17671.99
C107,2025-02-18,email,431752.63
C107,2025-02-18,organic,9009.49
C106,2025-02-18,google_ads,16726.78
C106,2025-02-18,email,405298.15
C106,2025-02-18,organic,7594.08
C113,2025-02-18,google_ads,8965.02
C113,2025-02-18,email,348085.11
C113,2025-02-18,organic,6606.83
C109,2025-02-18,google_ads,979.81
C109,2025-02-18,facebook,6920.18
C109,2025-02-18,organic,49857.25
C112,2025-02-18,facebook,271.18
C112,2025-02-18,organic,33028.76
C111,2025-02-18,google_ads,4318.61
C111,2025-02-18,email,125091.67
C111,2025-02-18,organic,10753.65
C110,2025-02-18,google_ads,20710.05
C110,2025-02-18,facebook,13681.49
C110,2025-02-18,email,105201.07
C110,2025-02-18,organic,9986.8
C101,2025-02-19,google_ads,5640.69
C101,2025-02-19,facebook,15201.0
C101,2025-02-19,email,70774.78
C101,2025-02-19,organic,17038.72
C111,2025-02-19,facebook,20988.77
C111,2025-02-19,email,55311.67
C111,2025-02-19,organic,17763.09
C108,2025-02-19,google_ads,2138.46
C108,2025-02-19,facebook,11641.84
C108,2025-02-19,organic,29106.2
C105,2025-02-19,google_ads,32246.55
C105,2025-02-19,facebook,27982.87
C105,2025-02-19,email,566311.5
C105,2025-02-19,organic,15698.63
C103,2025-02-19,facebook,19036.0
C103,2025-02-19,email,100557.22
C103,2025-02-19,organic,9106.35
C107,2025-02-19,google_ads,9271.69
C107,2025-02-19,facebook,14729.57
C107,2025-02-19,email,128688.61
C107,2025-02-19,organic,11603.21
C112,2025-02-19,google_ads,8215.13
C112,2025-02-19,facebook,11081.89
C112,2025-02-19,email,303422.54
C112,2025-02-19,organic,11475.64
C102,2025-02-19,google_ads,32670.8
C102,2025-02-19,facebook,13670.61
C102,2025-02-19,email,183285.25
C102,2025-02-19,organic,8167.67
C113,2025-02-19,google_ads,14095.62
C113,2025-02-19,organic,9151.35
C110,2025-02-19,google_ads,14509.26
C110,2025-02-19,facebook,6243.59
C110,2025-02-19,email,104340.5
C110,2025-02-19,organic,5759.79
C104,2025-02-19,google_ads,4630.0
C104,2025-02-19,facebook,5535.98
C104,2025-02-19,organic,24962.19
C105,2025-02-20,google_ads,12921.36
C105,2025-02-20,facebook,3922.84
C105,2025-02-20,email,91312.02
C104,2025-02-20,google_ads,1949.21
C104,2025-02-20,facebook,10821.15
C104,2025-02-20,organic,34087.12
C111,2025-02-20,google_ads,17795.7
C111,2025-02-20,facebook,7225.83
C111,2025-02-20,email,138574.41
C111,2025-02-20,organic,6492.73
C109,2025-02-20,google_ads,23424.79
C109,2025-02-20,facebook,14993.38
C109,2025-02-20,email,60054.14
C109,2025-02-20,organic,18852.12
C106,2025-02-20,google_ads,7400.07
C106,2025-02-20,facebook,9694.73
C106,2025-02-20,organic,21367.08
C112,2025-02-20,google_ads,1588.18
C112,2025-02-20,facebook,5781.95
C112,2025-02-20,email,163750.27
C112,2025-02-20,organic,7212.5
C108,2025-02-20,google_ads,32145.95
C108,2025-02-20,facebook,6036.94
C108,2025-02-20,email,59827.39
C108,2025-02-20,organic,13250.85
C107,2025-02-20,google_ads,18845.06
C107,2025-02-20,facebook,790.2
C107,2025-02-20,email,259879.93
C107,2025-02-20,organic,11839.74
C110,2025-02-20,google_ads,23495.06
C110,2025-02-20,facebook,27821.06
C110,2025-02-20,organic,9476.8
C113,2025-02-20,google_ads,22382.72
C113,2025-02-20,facebook,3396.27
C113,2025-02-20,email,76337.62
C113,2025-02-20,organic,27249.86
C103,2025-02-20,facebook,6025.39
C103,2025-02-20,email,156847.69
C103,2025-02-20,organic,13558.94
C103,2025-02-21,google_ads,43007.45
C103,2025-02-21,facebook,30883.27
C103,2025-02-21,email,133710.27
C103,2025-02-21,organic,18608.42
C102,2025-02-21,google_ads,7460.71
C102,2025-02-21,email,86431.23
C102,2025-02-21,organic,12791.33
C110,2025-02-21,google_ads,15645.43
C110,2025-02-21,email,241755.53
C110,2025-02-21,organic,16636.98
C106,2025-02-21,google_ads,46470.68
C106,2025-02-21,facebook,8183.54
C106,2025-02-21,email,95099.37
C106,2025-02-21,organic,49370.85
C109,2025-02-21,google_ads,30806.35
C109,2025-02-21,facebook,2562.44
C109,2025-02-21,organic,12085.34
C113,2025-02-21,google_ads,18437.67
C113,2025-02-21,facebook,6194.26
C113,2025-02-21,email,92658.98
C107,2025-02-21,google_ads,14189.72
C107,2025-02-21,facebook,23854.74
C107,2025-02-21,organic,6918.02
C104,2025-02-21,google_ads,6402.05
C104,2025-02-21,facebook,9891.97
C104,2025-02-21,email,312491.61
C104,2025-02-21,organic,43547.54
C111,2025-02-21,google_ads,1854.3
C111,2025-02-21,facebook,3309.4
C111,2025-02-21,organic,25917.46
C101,2025-02-21,email,121356.84
C101,2025-02-21,organic,9059.06
C108,2025-02-21,google_ads,6237.33
C108,2025-02-21,organic,15418.67
C105,2025-02-22,google_ads,298.54
C105,2025-02-22,facebook,2497.69
C105,2025-02-22,email,32769.43
C105,2025-02-22,organic,7421.06
C112,2025-02-22,google_ads,13706.92
C112,2025-02-22,organic,14763.92
C108,2025-02-22,google_ads,29041.84
C108,2025-02-22,facebook,3778.73
C108,2025-02-22,email,380403.49
C108,2025-02-22,organic,9646.23
C111,2025-02-22,google_ads,20019.04
C111,2025-02-22,facebook,24054.21
C111,2025-02-22,organic,9512.42
C113,2025-02-22,google_ads,31292.34
C113,2025-02-22,facebook,1828.18
C113,2025-02-22,email,238517.48
C113,2025-02-22,organic,18016.42
C109,2025-02-22,google_ads,40818.23
C109,2025-02-22,facebook,13298.37
C109,2025-02-22,email,464686.84
C109,2025-02-22,organic,14046.27
C103,2025-02-22,google_ads,5118.61
C103,2025-02-22,facebook,17468.71
C103,2025-02-22,organic,18123.46
C102,2025-02-22,google_ads,16662.48
C102,2025-02-22,organic,22032.56
C107,2025-02-22,facebook,6976.18
C107,2025-02-22,email,308400.0
C107,2025-02-22,organic,21413.61
C110,2025-02-22,google_ads,26995.33
C110,2025-02-22,facebook,24495.08
C110,2025-02-22,organic,24790.43
C106,2025-02-22,google_ads,20606.29
C106,2025-02-22,facebook,32606.85
C106,2025-02-22,email,328430.89
C106,2025-02-22,organic,1948.43
C110,2025-02-23,google_ads,5461.9
C110,2025-02-23,facebook,22235.39
C110,2025-02-23,organic,37285.76
C102,2025-02-23,google_ads,16617.25
C102,2025-02-23,facebook,19330.49
C102,2025-02-23,organic,7217.38
C109,2025-02-23,google_ads,16751.17
C109,2025-02-23,facebook,6437.02
C109,2025-02-23,email,148664.39
C109,2025-02-23,organic,13698.46
C105,2025-02-23,google_ads,960.81
C105,2025-02-23,facebook,10336.62
C105,2025-02-23,organic,20963.97
C107,2025-02-23,facebook,15751.23
C107,2025-02-23,email,65618.12
C107,2025-02-23,organic,46647.81
C113,2025-02-23,facebook,7589.17
C113,2025-02-23,organic,7997.89
C104,2025-02-23,google_ads,27369.79
C104,2025-02-23,organic,7011.3
C103,2025-02-23,google_ads,24351.14
C103,2025-02-23,facebook,7288.49
C103,2025-02-23,email,168050.76
C103,2025-02-23,organic,19584.03
C101,2025-02-23,google_ads,2815.61
C101,2025-02-23,organic,5937.6
C111,2025-02-23,google_ads,8608.8
C111,2025-02-23,email,55305.74
C111,2025-02-23,organic,8818.52
C108,2025-02-23,google_ads,18076.57
C108,2025-02-23,facebook,14143.71
C108,2025-02-23,organic,14037.6
C109,2025-02-24,google_ads,34065.82
C109,2025-02-24,facebook,10873.35
C109,2025-02-24,email,322301.52
C109,2025-02-24,organic,22445.68
C105,2025-02-24,facebook,21379.62
C105,2025-02-24,organic,8865.81
C104,2025-02-24,google_ads,25771.32
C104,2025-02-24,organic,32042.1
C101,2025-02-24,google_ads,22315.87
C101,2025-02-24,facebook,21382.34
C101,2025-02-24,email,246115.05
C101,2025-02-24,organic,6780.76
C102,2025-02-24,google_ads,20759.75
C102,2025-02-24,facebook,9669.82
C102,2025-02-24,email,93996.78
C102,2025-02-24,organic,18773.11
C112,2025-02-24,google_ads,5936.71
C112,2025-02-24,facebook,12327.95
C112,2025-02-24,email,368814.62
C112,2025-02-24,organic,1459.23
C103,2025-02-24,google_ads,5118.05
C103,2025-02-24,email,68289.21
C103,2025-02-24,organic,17917.67
C108,2025-02-24,google_ads,41136.21
C108,2025-02-24,facebook,13636.39
C108,2025-02-24,organic,11555.75
C113,2025-02-24,email,58702.55
C113,2025-02-24,organic,38403.92
C111,2025-02-24,google_ads,2546.35
C111,2025-02-24,facebook,21182.53
C111,2025-02-24,organic,8328.83
C107,2025-02-24,google_ads,5102.63
C107,2025-02-24,facebook,10268.61
C107,2025-02-24,email,53586.73
C107,2025-02-24,organic,21658.57
C105,2025-02-25,google_ads,5136.0
C105,2025-02-25,email,49009.83
C105,2025-02-25,organic,37446.28
C109,2025-02-25,google_ads,14705.55
C109,2025-02-25,facebook,17117.94
C109,2025-02-25,email,320173.97
C109,2025-02-25,organic,24317.75
C110,2025-02-25,google_ads,11216.25
C110,2025-02-25,facebook,8612.76
C110,2025-02-25,email,283495.37
C110,2025-02-25,organic,14815.85
C112,2025-02-25,google_ads,4121.9
C112,2025-02-25,email,412624.53
C112,2025-02-25,organic,23379.2
C113,2025-02-25,facebook,1120.89
C113,2025-02-25,email,237368.06
C113,2025-02-25,organic,13218.46
C111,2025-02-25,google_ads,5227.21
C111,2025-02-25,organic,4264.93
C101,2025-02-25,facebook,12423.68
C101,2025-02-25,organic,15295.54
C107,2025-02-25,google_ads,29929.31
C107,2025-02-25,email,8794.87
C107,2025-02-25,organic,29259.5
C103,2025-02-25,google_ads,7565.54
C103,2025-02-25,facebook,16750.96
C103,2025-02-25,email,295518.31
C103,2025-02-25,organic,21983.83
C108,2025-02-25,google_ads,22258.59
C108,2025-02-25,facebook,8474.62
C108,2025-02-25,email,207584.5
C108,2025-02-25,organic,8737.53
C106,2025-02-25,google_ads,23121.83
C106,2025-02-25,facebook,3153.11
C106,2025-02-25,email,97181.63
C106,2025-02-25,organic,8931.21
C101,2025-02-26,organic,16187.04
C110,2025-02-26,google_ads,4259.45
C110,2025-02-26,facebook,5810.07
C110,2025-02-26,email,73505.33
C110,2025-02-26,organic,28630.25
C112,2025-02-26,google_ads,6258.38
C112,2025-02-26,facebook,32435.13
C112,2025-02-26,organic,24236.11
C106,2025-02-26,google_ads,16312.65
C106,2025-02-26,organic,10716.17
C111,2025-02-26,facebook,5472.29
C111,2025-02-26,email,78731.79
C111,2025-02-26,organic,5222.33
C104,2025-02-26,email,43203.96
C104,2025-02-26,organic,32095.45
C107,2025-02-26,google_ads,10474.36
C107,2025-02-26,facebook,7397.43
C107,2025-02-26,email,148794.8
C107,2025-02-26,organic,9446.92
C102,2025-02-26,google_ads,6033.43
C102,2025-02-26,facebook,1297.3
C102,2025-02-26,organic,11534.49
C105,2025-02-26,organic,18916.99
C103,2025-02-26,google_ads,7525.63
C103,2025-02-26,email,296470.32
C103,2025-02-26,organic,30861.62
C109,2025-02-26,facebook,17616.27
C109,2025-02-26,organic,20782.85
C111,2025-02-27,google_ads,17077.13
C111,2025-02-27,organic,22240.59
C113,2025-02-27,google_ads,17788.04
C113,2025-02-27,facebook,32318.2
C113,2025-02-27,organic,20724.3
C102,2025-02-27,google_ads,18560.23
C102,2025-02-27,facebook,25731.32
C102,2025-02-27,organic,50886.64
C101,2025-02-27,facebook,11457.65
C101,2025-02-27,email,180967.11
C101,2025-02-27,organic,14647.92
C108,2025-02-27,google_ads,10739.31
C108,2025-02-27,facebook,9509.27
C108,2025-02-27,email,35149.42
C108,2025-02-27,organic,28025.09
C109,2025-02-27,google_ads,18442.58
C109,2025-02-27,facebook,9212.29
C109,2025-02-27,email,354192.9
C109,2025-02-27,organic,14681.85
C104,2025-02-27,google_ads,29406.39
C104,2025-02-27,facebook,7262.78
C104,2025-02-27,email,221435.45
C104,2025-02-27,organic,17153.33
C112,2025-02-27,google_ads,6109.47
C112,2025-02-27,facebook,3005.93
C112,2025-02-27,email,141791.36
C112,2025-02-27,organic,20877.86
C106,2025-02-27,google_ads,16858.43
C106,2025-02-27,facebook,5803.75
C106,2025-02-27,email,357034.04
C106,2025-02-27,organic,17439.46
C107,2025-02-27,facebook,6499.94
C107,2025-02-27,organic,43483.75
C105,2025-02-27,google_ads,4913.48
C105,2025-02-27,facebook,1801.24
C105,2025-02-27,organic,34258.7
C105,2025-02-28,google_ads,17826.08
C105,2025-02-28,facebook,12611.57
C105,2025-02-28,email,376490.87
C105,2025-02-28,organic,12818.02
C101,2025-02-28,google_ads,6785.7
C101,2025-02-28,email,90812.72
C101,2025-02-28,organic,7853.18
C106,2025-02-28,google_ads,14015.93
C106,2025-02-28,facebook,8097.88
C106,2025-02-28,organic,44953.04
C110,2025-02-28,google_ads,10281.96
C110,2025-02-28,email,72668.47
C110,2025-02-28,organic,34183.48
C107,2025-02-28,facebook,12075.29
C107,2025-02-28,email,163285.89
C107,2025-02-28,organic,21903.92
C109,2025-02-28,google_ads,10120.33
C109,2025-02-28,facebook,25502.6
C109,2025-02-28,organic,7608.16
C112,2025-02-28,google_ads,20080.29
C112,2025-02-28,facebook,3486.02
C112,2025-02-28,email,135113.27
C112,2025-02-28,organic,29416.02
C102,2025-02-28,google_ads,20461.28
C102,2025-02-28,email,214546.77
C102,2025-02-28,organic,29619.22
C113,2025-02-28,google_ads,6649.9
C113,2025-02-28,facebook,11968.96
C113,2025-02-28,organic,11288.09
C103,2025-02-28,google_ads,6627.82
C103,2025-02-28,facebook,24329.01
C103,2025-02-28,email,148640.94
C103,2025-02-28,organic,28812.81
C111,2025-02-28,google_ads,5392.42
C111,2025-02-28,email,134012.8
C111,2025-02-28,organic,11278.31
