client_id,date,pageviews,sessions,bounce_rate,avg_session_duration
C101,2024-12-01,3000,2500,0.35,00:02:10
C102,2024-12-01,1800,1600,0.4,00:01:45
C103,2024-12-01,2200,2100,0.28,00:02:30
C103,2024-12-01,29145,9706,0.27,00:08:48
C101,2024-12-01,23523,6766,0.22,00:07:40
C113,2024-12-01,7629,3433,0.21,00:09:21
C102,2024-12-01,8295,5410,0.15,00:06:33
C106,2024-12-01,4428,1422,0.33,00:08:07
C104,2024-12-01,12513,4431,0.4,00:06:58
C106,2024-12-02,12021,6811,0.25,00:04:32
C109,2024-12-02,15772,9383,0.15,00:03:31
C103,2024-12-02,13877,7624,0.43,00:06:10
C111,2024-12-02,10858,7325,0.5,00:06:58
C107,2024-12-02,13053,9227,0.26,00:06:10
C102,2024-12-02,27298,8242,0.23,00:05:29
C105,2024-12-02,27794,9768,0.11,00:04:08
C106,2024-12-03,14227,6942,0.17,00:09:25
C104,2024-12-03,25153,7576,0.41,00:05:03
C107,2024-12-03,5927,2131,0.36,00:09:53
C112,2024-12-03,4655,2721,0.22,00:06:00
C103,2024-12-03,21305,6552,0.42,00:02:28
C113,2024-12-03,14421,5566,0.5,00:02:13
C105,2024-12-03,18490,7681,0.36,00:06:48
C102,2024-12-04,8914,2717,0.29,00:05:33
C107,2024-12-04,1880,1231,0.23,00:02:58
C104,2024-12-04,27820,8687,0.24,00:09:40
C105,2024-12-04,18080,7935,0.44,00:05:11
C108,2024-12-04,15031,9371,0.28,00:04:26
C101,2024-12-04,4743,1558,0.27,00:04:58
C106,2024-12-04,12088,7029,0.26,00:08:57
C103,2024-12-05,3246,1867,0.24,00:06:43
C101,2024-12-05,7765,3128,0.18,00:07:36
C113,2024-12-05,10577,3733,0.37,00:06:02
C106,2024-12-05,10562,3128,0.29,00:06:26
C109,2024-12-05,17722,8243,0.32,00:08:06
C102,2024-12-05,7885,5524,0.33,00:03:32
C105,2024-12-05,8264,3874,0.14,00:05:40
C103,2024-12-06,14931,7450,0.14,00:06:25
C109,2024-12-06,13724,9348,0.42,00:04:49
C102,2024-12-06,4493,2066,0.4,00:05:19
C110,2024-12-06,7325,2541,0.17,00:08:45
C111,2024-12-06,14928,6944,0.27,00:03:34
C105,2024-12-06,21689,9321,0.16,00:06:22
C106,2024-12-06,3638,2622,0.39,00:06:36
C104,2024-12-06,11241,7438,0.34,00:02:27
C106,2024-12-07,10187,5989,0.19,00:06:00
C105,2024-12-07,3873,1291,0.28,00:06:56
C110,2024-12-07,7391,2188,0.2,00:06:20
C103,2024-12-07,17275,6559,0.34,00:02:47
C112,2024-12-07,2967,1968,0.23,00:08:39
C113,2024-12-07,23414,8033,0.21,00:02:05
C109,2024-12-07,9329,4561,0.26,00:05:58
C107,2024-12-08,1360,1001,0.39,00:06:32
C104,2024-12-08,3043,1466,0.26,00:03:24
C106,2024-12-08,6359,3680,0.4,00:05:28
C109,2024-12-08,4651,2360,0.34,00:09:49
C108,2024-12-08,14034,6292,0.2,00:07:32
C105,2024-12-08,6044,1894,0.44,00:02:30
C101,2024-12-08,9945,4711,0.26,00:07:55
C111,2024-12-09,5128,1899,0.13,00:08:49
C108,2024-12-09,11730,4813,0.25,00:03:51
C102,2024-12-09,14053,4974,0.4,00:07:06
C107,2024-12-09,7766,3162,0.28,00:02:25
C101,2024-12-09,14229,6651,0.13,00:04:23
C105,2024-12-09,17941,9547,0.21,00:03:55
C113,2024-12-09,20231,6106,0.23,00:03:22
C112,2024-12-09,20700,8654,0.34,00:02:04
C108,2024-12-10,9771,6633,0.25,00:02:57
C107,2024-12-10,27400,9987,0.33,00:09:27
C106,2024-12-10,20665,6391,0.4,00:08:19
C104,2024-12-10,23796,9752,0.46,00:04:24
C101,2024-12-10,11125,3570,0.5,00:05:49
C109,2024-12-10,8705,2586,0.23,00:07:05
C105,2024-12-10,14211,6007,0.4,00:04:51
C105,2024-12-11,21368,8167,0.5,00:09:59
C107,2024-12-11,22523,8516,0.42,00:08:13
C101,2024-12-11,29802,9771,0.15,00:04:00
C104,2024-12-11,20696,7719,0.12,00:06:42
C103,2024-12-11,10873,8327,0.13,00:04:41
C102,2024-12-11,33677,9664,0.45,00:07:37
C110,2024-12-11,8344,5910,0.47,00:02:03
C108,2024-12-11,16830,7253,0.26,00:03:35
C109,2024-12-12,13608,8731,0.19,00:06:45
C104,2024-12-12,12426,5960,0.37,00:09:48
C111,2024-12-12,14709,8806,0.31,00:06:22
C105,2024-12-12,25010,9991,0.31,00:08:31
C108,2024-12-12,9314,5859,0.2,00:09:59
C110,2024-12-12,6214,3957,0.33,00:09:22
C113,2024-12-12,9439,5083,0.29,00:07:54
C112,2024-12-12,19919,8515,0.23,00:02:50
C103,2024-12-13,11602,5719,0.33,00:06:25
C105,2024-12-13,12458,6184,0.25,00:08:52
C104,2024-12-13,7441,2355,0.44,00:05:11
C111,2024-12-13,17795,7768,0.21,00:07:52
C107,2024-12-13,29905,9125,0.49,00:04:49
C109,2024-12-13,3977,1452,0.31,00:09:41
C108,2024-12-13,8759,3819,0.32,00:09:36
C102,2024-12-13,5588,1906,0.28,00:05:55
C106,2024-12-14,23133,6735,0.21,00:09:31
C103,2024-12-14,14368,4180,0.37,00:08:03
C101,2024-12-14,3734,1420,0.46,00:03:12
C105,2024-12-14,27513,8954,0.49,00:09:49
C109,2024-12-14,17401,6273,0.32,00:02:19
C108,2024-12-14,12931,5633,0.33,00:02:05
C113,2024-12-14,4165,1888,0.27,00:08:22
C111,2024-12-14,14041,7273,0.4,00:05:56
C102,2024-12-15,31822,9345,0.28,00:04:53
C110,2024-12-15,5746,3049,0.48,00:02:54
C113,2024-12-15,15624,5789,0.3,00:05:11
C103,2024-12-15,11907,5014,0.26,00:09:57
C111,2024-12-15,16672,8816,0.41,00:06:52
C107,2024-12-15,18905,5983,0.33,00:06:10
C108,2024-12-15,28987,9594,0.41,00:09:36
C109,2024-12-15,16145,5963,0.3,00:03:02
C108,2024-12-16,8832,5546,0.29,00:08:57
C102,2024-12-16,11957,4496,0.35,00:03:37
C107,2024-12-16,3634,2169,0.11,00:04:01
C101,2024-12-16,18428,9750,0.18,00:05:08
C104,2024-12-16,9468,3196,0.38,00:04:07
C112,2024-12-16,23039,9462,0.27,00:07:32
C103,2024-12-16,8633,5134,0.49,00:09:48
C109,2024-12-16,15140,5549,0.49,00:02:33
C104,2024-12-17,10564,3536,0.29,00:08:24
C106,2024-12-17,14319,4214,0.18,00:07:46
C110,2024-12-17,20241,6319,0.21,00:05:15
C105,2024-12-17,18775,9418,0.41,00:03:37
C112,2024-12-17,9756,7315,0.49,00:08:43
C101,2024-12-17,16701,6601,0.17,00:07:53
C109,2024-12-17,21328,7969,0.44,00:09:43
C108,2024-12-17,3779,1564,0.29,00:09:10
C113,2024-12-18,14571,4189,0.43,00:04:27
C103,2024-12-18,18983,6702,0.12,00:09:16
C101,2024-12-18,11763,4638,0.26,00:05:41
C106,2024-12-18,11267,3786,0.37,00:04:48
C104,2024-12-18,6525,2377,0.21,00:02:51
C110,2024-12-18,11288,4121,0.24,00:04:17
C112,2024-12-18,3324,1273,0.3,00:02:56
C111,2024-12-18,15025,4709,0.29,00:09:39
C103,2024-12-19,11248,6724,0.3,00:08:00
C112,2024-12-19,11673,5955,0.27,00:04:19
C102,2024-12-19,11079,5803,0.46,00:08:59
C113,2024-12-19,17555,8553,0.44,00:08:58
C105,2024-12-19,14450,7308,0.25,00:08:53
C101,2024-12-19,4313,1959,0.35,00:08:57
C111,2024-12-19,3732,1462,0.46,00:09:02
C109,2024-12-19,8987,5133,0.47,00:02:35
C106,2024-12-20,5646,4140,0.21,00:03:06
C113,2024-12-20,5514,1700,0.23,00:06:15
C102,2024-12-20,20015,6222,0.12,00:09:14
C101,2024-12-20,29058,9688,0.33,00:07:31
C111,2024-12-20,15079,6285,0.2,00:04:37
C108,2024-12-20,13819,4367,0.36,00:03:13
C109,2024-12-20,30860,9930,0.43,00:05:59
C107,2024-12-20,10050,3661,0.12,00:02:59
C102,2024-12-21,7979,2675,0.12,00:05:28
C109,2024-12-21,6558,2176,0.17,00:07:53
C108,2024-12-21,17402,6460,0.14,00:07:13
C105,2024-12-21,22989,6798,0.1,00:04:22
C113,2024-12-21,21579,8443,0.37,00:08:05
C112,2024-12-21,21047,7404,0.2,00:05:23
C107,2024-12-21,4720,1574,0.24,00:06:53
C103,2024-12-21,5638,3698,0.35,00:03:58
C103,2024-12-22,19085,9207,0.48,00:02:30
C105,2024-12-22,4278,2394,0.37,00:09:20
C111,2024-12-22,18935,7250,0.42,00:09:00
C108,2024-12-22,15869,6420,0.5,00:05:28
C107,2024-12-22,8872,2678,0.18,00:04:15
C113,2024-12-22,21372,8412,0.46,00:09:18
C101,2024-12-22,7737,4085,0.31,00:04:23
C106,2024-12-22,15377,9405,0.36,00:04:02
C111,2024-12-23,13941,9353,0.11,00:03:07
C109,2024-12-23,20437,6529,0.24,00:04:32
C107,2024-12-23,18435,9151,0.14,00:06:03
C103,2024-12-23,28621,9921,0.21,00:04:44
C106,2024-12-23,2957,1605,0.31,00:09:16
C110,2024-12-23,4022,2951,0.35,00:08:26
C101,2024-12-23,15667,9667,0.25,00:02:17
C102,2024-12-23,9442,2961,0.42,00:02:06
C105,2024-12-24,20663,7295,0.13,00:02:10
C112,2024-12-24,13508,4611,0.44,00:09:48
C113,2024-12-24,3581,1239,0.34,00:02:22
C108,2024-12-24,3144,1184,0.43,00:04:04
C101,2024-12-24,20982,9819,0.23,00:03:36
C106,2024-12-24,17278,9873,0.27,00:05:18
C107,2024-12-24,23806,7317,0.32,00:02:44
C110,2024-12-24,8207,4389,0.45,00:07:20
C112,2024-12-25,18722,8805,0.25,00:04:04
C113,2024-12-25,10267,6504,0.31,00:07:02
C110,2024-12-25,3722,1610,0.41,00:07:26
C101,2024-12-25,14912,9544,0.18,00:04:18
C105,2024-12-25,13400,4296,0.34,00:08:29
C106,2024-12-25,16904,8960,0.45,00:08:18
C107,2024-12-25,11926,4016,0.14,00:02:12
C108,2024-12-25,26319,8235,0.26,00:04:25
C110,2024-12-26,10935,7522,0.17,00:07:38
C106,2024-12-26,16645,5660,0.23,00:09:05
C108,2024-12-26,2926,1408,0.15,00:07:37
C113,2024-12-26,14785,6728,0.26,00:07:52
C105,2024-12-26,8431,4436,0.41,00:03:27
C111,2024-12-26,4272,1610,0.29,00:02:49
C104,2024-12-27,7934,3813,0.47,00:09:42
C103,2024-12-27,14274,8235,0.41,00:03:22
C111,2024-12-27,7332,3076,0.4,00:03:32
C112,2024-12-27,26757,8802,0.17,00:08:16
C113,2024-12-27,10359,3024,0.18,00:03:17
C109,2024-12-27,7162,5349,0.36,00:09:44
C106,2024-12-27,15583,9466,0.12,00:07:21
C108,2024-12-27,16902,8659,0.38,00:08:39
C107,2024-12-28,5563,3669,0.34,00:07:23
C109,2024-12-28,6139,3052,0.2,00:06:34
C102,2024-12-28,9717,5122,0.3,00:09:11
C110,2024-12-28,26068,9017,0.42,00:06:51
C106,2024-12-28,13554,4626,0.24,00:03:54
C105,2024-12-28,1800,1189,0.39,00:02:33
C101,2024-12-28,14482,7611,0.14,00:09:40
C103,2024-12-28,11500,6873,0.2,00:02:18
C112,2024-12-29,20750,6280,0.33,00:06:41
C104,2024-12-29,5423,1696,0.31,00:05:10
C108,2024-12-29,16338,8344,0.31,00:04:03
C101,2024-12-29,13142,5161,0.26,00:03:59
C111,2024-12-29,13076,5562,0.3,00:04:54
C107,2024-12-29,13338,9118,0.3,00:02:38
C113,2024-12-29,6946,3790,0.3,00:09:28
C102,2024-12-29,13660,7463,0.44,00:04:00
C106,2024-12-29,11188,5268,0.14,00:03:34
C104,2024-12-30,4949,2573,0.46,00:05:21
C105,2024-12-30,11365,4758,0.22,00:07:54
C111,2024-12-30,23945,8730,0.24,00:06:24
C112,2024-12-30,8488,3650,0.31,00:05:45
C110,2024-12-30,31215,9029,0.38,00:07:07
C101,2024-12-30,5335,2247,0.33,00:04:52
C113,2024-12-30,10693,6445,0.47,00:04:56
C102,2024-12-30,16407,5001,0.13,00:08:22
C106,2024-12-30,11128,7689,0.43,00:09:08
C113,2024-12-31,9490,3502,0.29,00:07:56
C110,2024-12-31,11057,6254,0.14,00:09:04
C105,2024-12-31,6659,2468,0.44,00:09:08
C112,2024-12-31,28550,9175,0.29,00:08:58
C109,2024-12-31,2078,1256,0.26,00:09:05
C102,2024-12-31,12939,9056,0.2,00:08:40
C111,2024-12-31,14184,4663,0.11,00:02:31
C101,2024-12-31,13157,5116,0.14,00:09:44
C106,2024-12-31,5866,2396,0.3,00:07:42
C110,2025-01-01,24365,7438,0.33,00:08:08
C103,2025-01-01,19694,6742,0.46,00:04:50
C105,2025-01-01,19067,6963,0.46,00:07:41
C104,2025-01-01,10272,4050,0.49,00:09:18
C109,2025-01-01,1419,1000,0.14,00:07:11
C113,2025-01-01,9577,3572,0.29,00:02:26
C108,2025-01-01,9171,4156,0.43,00:09:56
C107,2025-01-01,8883,2806,0.35,00:08:30
C102,2025-01-01,7057,4644,0.12,00:03:55
C112,2025-01-02,18886,8582,0.35,00:09:16
C110,2025-01-02,20148,8280,0.13,00:07:44
C101,2025-01-02,24924,9128,0.11,00:05:07
C108,2025-01-02,33556,9935,0.4,00:08:27
C107,2025-01-02,25792,8887,0.43,00:03:29
C102,2025-01-02,12636,4951,0.22,00:02:05
C109,2025-01-02,13123,9634,0.41,00:02:22
C104,2025-01-02,20555,7979,0.41,00:03:25
C113,2025-01-02,15379,5955,0.14,00:07:58
C112,2025-01-03,3762,1353,0.38,00:08:26
C105,2025-01-03,7731,3471,0.35,00:02:56
C113,2025-01-03,6784,4977,0.16,00:06:55
C103,2025-01-03,13013,8837,0.39,00:04:23
C106,2025-01-03,13381,4271,0.48,00:02:44
C110,2025-01-03,7752,2466,0.29,00:06:53
C108,2025-01-03,28713,9099,0.32,00:08:44
C107,2025-01-03,18777,7037,0.4,00:04:19
C111,2025-01-03,14718,7443,0.14,00:03:47
C105,2025-01-04,6564,3304,0.16,00:05:34
C106,2025-01-04,10075,3310,0.31,00:04:14
C113,2025-01-04,8526,2585,0.26,00:05:47
C103,2025-01-04,13250,7571,0.3,00:06:25
C101,2025-01-04,7290,2344,0.4,00:06:35
C102,2025-01-04,18674,8452,0.39,00:05:38
C108,2025-01-04,8673,3007,0.12,00:06:33
C109,2025-01-04,8069,5938,0.2,00:05:30
C111,2025-01-04,2084,1247,0.39,00:03:37
C112,2025-01-05,23546,7579,0.1,00:02:16
C104,2025-01-05,3125,1644,0.42,00:04:05
C111,2025-01-05,24226,8493,0.16,00:08:18
C113,2025-01-05,25065,7220,0.44,00:06:02
C107,2025-01-05,23356,8573,0.43,00:05:21
C108,2025-01-05,6643,3666,0.48,00:09:23
C105,2025-01-05,29102,9080,0.31,00:09:48
C109,2025-01-05,9829,3498,0.29,00:09:22
C102,2025-01-06,22156,8720,0.21,00:07:31
C108,2025-01-06,15596,9270,0.45,00:06:29
C113,2025-01-06,14058,5742,0.21,00:06:07
C101,2025-01-06,13750,6645,0.41,00:02:59
C109,2025-01-06,17654,5652,0.24,00:09:02
C106,2025-01-06,29020,8812,0.4,00:02:54
C112,2025-01-06,10159,5904,0.12,00:08:56
C107,2025-01-06,5538,2239,0.22,00:06:19
C103,2025-01-06,11722,3744,0.28,00:02:08
C101,2025-01-07,10727,7659,0.32,00:06:58
C111,2025-01-07,5615,3490,0.3,00:08:36
C106,2025-01-07,8947,3586,0.24,00:04:30
C110,2025-01-07,5400,1969,0.28,00:02:26
C113,2025-01-07,23290,8358,0.3,00:04:04
C108,2025-01-07,14692,7140,0.31,00:09:21
C103,2025-01-07,8202,3767,0.38,00:04:02
C107,2025-01-07,4365,2824,0.13,00:06:56
C102,2025-01-07,9697,6145,0.13,00:09:11
C110,2025-01-08,11564,8215,0.44,00:08:13
C109,2025-01-08,22712,8823,0.27,00:09:48
C107,2025-01-08,20793,7706,0.32,00:06:58
C101,2025-01-08,12856,9171,0.37,00:09:28
C108,2025-01-08,5735,3194,0.23,00:06:41
C113,2025-01-08,12239,5168,0.45,00:03:46
C106,2025-01-08,18662,8138,0.15,00:03:24
C104,2025-01-08,27297,7841,0.21,00:04:05
C112,2025-01-08,16373,8959,0.41,00:08:02
C110,2025-01-09,5948,3232,0.45,00:04:59
C108,2025-01-09,8627,6419,0.45,00:05:58
C101,2025-01-09,13439,5365,0.12,00:07:40
C109,2025-01-09,8420,3169,0.3,00:04:05
C104,2025-01-09,10690,3294,0.3,00:06:26
C111,2025-01-09,9652,2935,0.33,00:09:07
C113,2025-01-09,4709,1827,0.43,00:02:38
C106,2025-01-09,18642,6934,0.23,00:09:19
C112,2025-01-09,29181,9960,0.18,00:02:56
C106,2025-01-10,21718,7274,0.3,00:06:34
C109,2025-01-10,5804,2219,0.11,00:03:41
C110,2025-01-10,15819,6895,0.2,00:08:10
C105,2025-01-10,9595,5933,0.31,00:05:02
C113,2025-01-10,10052,3996,0.44,00:04:21
C104,2025-01-10,3721,2577,0.28,00:04:28
C112,2025-01-10,31473,9569,0.13,00:03:18
C107,2025-01-10,14322,7609,0.13,00:03:31
C101,2025-01-10,12976,6190,0.13,00:02:56
C110,2025-01-11,17389,7184,0.35,00:03:38
C102,2025-01-11,13859,8240,0.16,00:08:40
C103,2025-01-11,29125,9519,0.16,00:03:00
C107,2025-01-11,11913,5621,0.29,00:09:45
C113,2025-01-11,5673,1825,0.49,00:04:33
C101,2025-01-11,22229,7609,0.39,00:08:30
C104,2025-01-11,17350,5971,0.21,00:09:55
C111,2025-01-11,2634,1277,0.19,00:02:40
C108,2025-01-11,3753,2712,0.46,00:05:07
C106,2025-01-12,24043,7289,0.28,00:05:15
C112,2025-01-12,8633,4321,0.22,00:03:34
C109,2025-01-12,8874,3961,0.42,00:04:21
C103,2025-01-12,8676,2694,0.12,00:05:50
C110,2025-01-12,24774,7110,0.47,00:09:02
C105,2025-01-12,8573,2865,0.36,00:04:58
C111,2025-01-12,8908,5659,0.24,00:04:07
C104,2025-01-12,12644,4300,0.46,00:05:43
C108,2025-01-12,14259,9282,0.47,00:07:50
C112,2025-01-13,7988,5438,0.46,00:02:38
C105,2025-01-13,3391,2555,0.48,00:05:26
C111,2025-01-13,2191,1018,0.39,00:03:50
C101,2025-01-13,14646,4544,0.18,00:05:36
C103,2025-01-13,14385,7383,0.14,00:02:03
C110,2025-01-13,13826,4271,0.22,00:06:52
C108,2025-01-13,2422,1488,0.49,00:09:54
C102,2025-01-13,20713,9227,0.12,00:07:40
C113,2025-01-13,14587,6111,0.33,00:03:49
C112,2025-01-14,2781,1274,0.44,00:09:43
C104,2025-01-14,13765,4073,0.29,00:03:33
C109,2025-01-14,7906,3569,0.27,00:09:55
C105,2025-01-14,5976,3291,0.19,00:06:40
C103,2025-01-14,13193,4845,0.46,00:08:59
C113,2025-01-14,13076,4760,0.34,00:02:09
C110,2025-01-14,6351,1981,0.39,00:04:19
C106,2025-01-14,11472,3492,0.23,00:08:36
C107,2025-01-14,6305,3632,0.3,00:07:28
C111,2025-01-15,5581,2705,0.1,00:03:44
C112,2025-01-15,6974,3684,0.33,00:07:49
C108,2025-01-15,11094,4811,0.2,00:09:04
C110,2025-01-15,2975,2225,0.19,00:03:26
C104,2025-01-15,16178,5087,0.4,00:06:42
C103,2025-01-15,23641,9016,0.11,00:02:58
C101,2025-01-15,7183,3359,0.28,00:07:58
C107,2025-01-15,29510,9668,0.43,00:05:50
C113,2025-01-15,15007,6278,0.44,00:06:17
C110,2025-01-16,8271,5940,0.14,00:08:58
C101,2025-01-16,6864,2040,0.23,00:02:56
C107,2025-01-16,12024,4208,0.16,00:08:25
C103,2025-01-16,3112,1091,0.21,00:02:16
C109,2025-01-16,16162,5909,0.27,00:09:47
C108,2025-01-16,3413,1791,0.12,00:09:22
C102,2025-01-16,10357,4161,0.16,00:03:17
C104,2025-01-16,14610,8693,0.25,00:08:59
C112,2025-01-16,15706,9888,0.46,00:04:56
C105,2025-01-17,6967,2057,0.41,00:07:02
C102,2025-01-17,24777,8799,0.47,00:07:07
C112,2025-01-17,9966,6173,0.15,00:02:49
C109,2025-01-17,16124,7036,0.13,00:07:39
C111,2025-01-17,28462,8922,0.29,00:06:45
C107,2025-01-17,17626,9995,0.25,00:04:41
C110,2025-01-17,14621,7064,0.3,00:09:56
C106,2025-01-17,11329,4583,0.36,00:04:03
C103,2025-01-17,23810,6881,0.22,00:07:12
C101,2025-01-18,20527,8672,0.39,00:06:20
C105,2025-01-18,5320,2996,0.19,00:06:51
C106,2025-01-18,3245,1560,0.42,00:06:15
C113,2025-01-18,3162,1342,0.5,00:04:12
C109,2025-01-18,16201,7190,0.21,00:03:46
C111,2025-01-18,4111,1249,0.48,00:04:41
C108,2025-01-18,13544,4721,0.1,00:02:18
C112,2025-01-18,4775,2223,0.37,00:06:12
C107,2025-01-18,30096,8918,0.44,00:03:37
C108,2025-01-19,7425,4303,0.14,00:08:22
C105,2025-01-19,21142,6276,0.49,00:06:18
C112,2025-01-19,5259,3265,0.38,00:08:01
C109,2025-01-19,9654,2880,0.2,00:06:38
C106,2025-01-19,7073,2260,0.15,00:08:03
C110,2025-01-19,28246,9027,0.39,00:08:19
C107,2025-01-19,7134,2697,0.15,00:09:45
C111,2025-01-19,3487,1610,0.2,00:03:40
C103,2025-01-19,4623,1841,0.34,00:05:50
C112,2025-01-20,16705,6110,0.43,00:06:44
C103,2025-01-20,3018,1073,0.11,00:08:31
C109,2025-01-20,25745,8638,0.25,00:09:47
C102,2025-01-20,4430,1483,0.3,00:04:50
C108,2025-01-20,13177,8453,0.42,00:09:53
C111,2025-01-20,9499,3438,0.13,00:08:17
C106,2025-01-20,13656,7950,0.11,00:02:55
C105,2025-01-20,3315,1814,0.18,00:05:38
C104,2025-01-20,21352,9302,0.26,00:04:13
C108,2025-01-21,7754,3034,0.11,00:06:55
C101,2025-01-21,10326,5133,0.41,00:05:11
C102,2025-01-21,5926,2305,0.14,00:08:14
C112,2025-01-21,31975,9365,0.33,00:07:58
C103,2025-01-21,15236,7533,0.22,00:08:33
C104,2025-01-21,8629,3013,0.48,00:08:26
C107,2025-01-21,12080,3995,0.37,00:09:20
C106,2025-01-21,15823,7830,0.18,00:03:04
C105,2025-01-21,5885,3555,0.13,00:07:26
C110,2025-01-21,11521,5549,0.43,00:09:15
C113,2025-01-22,8973,6559,0.44,00:05:43
C111,2025-01-22,9821,2912,0.43,00:07:18
C105,2025-01-22,10805,6858,0.25,00:03:36
C108,2025-01-22,27252,8433,0.29,00:04:35
C103,2025-01-22,18498,7838,0.2,00:04:23
C106,2025-01-22,11871,8262,0.18,00:03:33
C101,2025-01-22,11593,4312,0.12,00:06:49
C107,2025-01-22,12445,9019,0.25,00:04:42
C110,2025-01-22,16280,6653,0.1,00:08:25
C108,2025-01-23,12788,5194,0.36,00:03:12
C103,2025-01-23,26367,8047,0.3,00:09:25
C104,2025-01-23,11676,7006,0.19,00:07:50
C112,2025-01-23,6931,2638,0.33,00:03:52
C101,2025-01-23,27585,9783,0.1,00:04:07
C106,2025-01-23,14840,5887,0.49,00:05:32
C102,2025-01-23,6406,2034,0.12,00:02:36
C107,2025-01-23,7326,5239,0.11,00:08:00
C111,2025-01-23,18995,6670,0.1,00:05:24
C110,2025-01-23,26122,9538,0.31,00:07:52
C101,2025-01-24,8650,3557,0.22,00:04:06
C105,2025-01-24,10773,8241,0.49,00:06:31
C108,2025-01-24,7934,2513,0.43,00:03:28
C102,2025-01-24,15154,8620,0.37,00:05:52
C104,2025-01-24,18690,8702,0.26,00:07:56
C103,2025-01-24,14606,4379,0.23,00:06:49
C111,2025-01-24,12259,6581,0.42,00:08:45
C110,2025-01-24,6465,4070,0.46,00:04:30
C109,2025-01-24,33389,9735,0.12,00:06:03
C113,2025-01-25,16518,9521,0.12,00:03:33
C108,2025-01-25,12699,3664,0.2,00:03:26
C110,2025-01-25,13979,4445,0.13,00:02:37
C105,2025-01-25,23161,9637,0.2,00:04:37
C111,2025-01-25,20950,8295,0.26,00:09:47
C103,2025-01-25,10649,7818,0.29,00:07:56
C107,2025-01-25,2753,2070,0.12,00:02:25
C106,2025-01-25,14099,7165,0.14,00:05:44
C101,2025-01-25,7625,4236,0.29,00:02:01
C109,2025-01-25,12248,7354,0.41,00:03:59
C105,2025-01-26,22374,6883,0.24,00:09:51
C102,2025-01-26,9134,4262,0.16,00:08:59
C109,2025-01-26,22064,8888,0.45,00:03:25
C112,2025-01-26,15914,5133,0.3,00:06:32
C113,2025-01-26,11957,4193,0.12,00:09:17
C107,2025-01-26,11776,6417,0.25,00:05:35
C108,2025-01-26,15760,7104,0.18,00:09:13
C111,2025-01-26,4523,2223,0.27,00:02:47
C106,2025-01-26,14154,7353,0.24,00:08:11
C104,2025-01-26,2930,2035,0.1,00:06:02
C109,2025-01-27,13850,7746,0.18,00:09:02
C102,2025-01-27,9529,3134,0.28,00:06:54
C106,2025-01-27,9159,2701,0.4,00:09:47
C112,2025-01-27,23052,9785,0.11,00:09:09
C108,2025-01-27,9430,3800,0.4,00:09:32
C111,2025-01-27,10781,7897,0.44,00:05:11
C103,2025-01-27,7203,3160,0.44,00:04:26
C105,2025-01-27,20147,7858,0.23,00:05:01
C104,2025-01-27,7881,2767,0.13,00:08:44
C107,2025-01-27,17347,7251,0.18,00:06:02
C101,2025-01-28,12844,6755,0.36,00:08:01
C103,2025-01-28,3535,2706,0.29,00:05:48
C106,2025-01-28,17923,6846,0.22,00:09:33
C104,2025-01-28,10456,3437,0.26,00:02:07
C107,2025-01-28,12834,7616,0.38,00:04:55
C111,2025-01-28,13148,5419,0.19,00:09:17
C105,2025-01-28,4113,1849,0.42,00:09:30
C109,2025-01-28,12839,7364,0.47,00:08:46
C102,2025-01-28,13635,5936,0.19,00:06:31
C108,2025-01-28,3290,1110,0.11,00:02:26
C105,2025-01-29,14319,7835,0.28,00:03:46
C104,2025-01-29,10771,7799,0.13,00:09:08
C102,2025-01-29,27782,8114,0.21,00:02:56
C101,2025-01-29,28207,9390,0.19,00:09:54
C110,2025-01-29,6998,4078,0.2,00:05:09
C108,2025-01-29,14440,7153,0.3,00:07:53
C112,2025-01-29,17719,7198,0.33,00:07:25
C111,2025-01-29,12210,3879,0.28,00:08:38
C103,2025-01-29,2740,1485,0.31,00:06:54
C106,2025-01-29,3034,1567,0.26,00:09:00
C101,2025-01-30,6131,3494,0.21,00:08:57
C104,2025-01-30,5939,4390,0.37,00:05:50
C107,2025-01-30,7451,5129,0.1,00:07:49
C113,2025-01-30,14210,7948,0.47,00:03:06
C109,2025-01-30,3016,1345,0.27,00:05:51
C103,2025-01-30,10153,6057,0.41,00:05:07
C111,2025-01-30,2838,1598,0.42,00:05:11
C112,2025-01-30,15931,7629,0.34,00:04:21
C105,2025-01-30,8507,5206,0.21,00:09:46
C110,2025-01-30,3342,1429,0.24,00:07:50
C106,2025-01-31,23701,7541,0.3,00:04:52
C102,2025-01-31,3958,1762,0.44,00:09:41
C104,2025-01-31,21078,6792,0.47,00:07:08
C110,2025-01-31,4867,2124,0.43,00:06:20
C112,2025-01-31,17870,5894,0.43,00:03:40
C109,2025-01-31,4427,3086,0.48,00:05:57
C111,2025-01-31,18916,7370,0.15,00:09:55
C105,2025-01-31,20252,8356,0.38,00:09:16
C113,2025-01-31,23455,8192,0.47,00:07:57
C108,2025-01-31,21619,6800,0.14,00:07:01
C110,2025-02-01,8559,5215,0.17,00:04:59
C105,2025-02-01,8654,5830,0.32,00:04:06
C109,2025-02-01,1917,1027,0.44,00:06:43
C101,2025-02-01,23852,7542,0.41,00:03:49
C104,2025-02-01,11956,5212,0.34,00:07:31
C107,2025-02-01,17819,5595,0.11,00:09:05
C102,2025-02-01,5326,3950,0.21,00:04:59
C111,2025-02-01,25351,8705,0.48,00:09:44
C108,2025-02-01,16379,6700,0.13,00:04:17
C108,2025-02-02,13190,5643,0.17,00:08:31
C106,2025-02-02,1983,1469,0.47,00:02:45
C102,2025-02-02,8618,3917,0.41,00:04:31
C103,2025-02-02,11221,3632,0.15,00:06:58
C113,2025-02-02,7824,5351,0.31,00:06:52
C110,2025-02-02,10453,7787,0.33,00:03:02
C105,2025-02-02,12065,3889,0.21,00:02:31
C111,2025-02-02,21885,6845,0.49,00:02:41
C107,2025-02-02,18608,9099,0.11,00:03:21
C109,2025-02-02,16298,7348,0.49,00:07:02
C112,2025-02-03,17914,7382,0.47,00:05:27
C109,2025-02-03,3275,1397,0.18,00:07:30
C101,2025-02-03,8344,4718,0.44,00:04:09
C110,2025-02-03,6391,2157,0.36,00:07:28
C113,2025-02-03,13997,8939,0.45,00:04:03
C102,2025-02-03,8271,3817,0.31,00:03:43
C108,2025-02-03,23772,8740,0.47,00:09:28
C106,2025-02-03,10185,5899,0.35,00:07:34
C107,2025-02-03,13247,4068,0.16,00:05:54
C109,2025-02-04,11538,5516,0.22,00:04:28
C104,2025-02-04,8039,2436,0.41,00:09:46
C108,2025-02-04,17524,9538,0.31,00:05:10
C113,2025-02-04,5963,3876,0.16,00:07:49
C101,2025-02-04,6528,2093,0.42,00:07:57
C111,2025-02-04,3244,1950,0.2,00:07:28
C106,2025-02-04,13849,4250,0.26,00:02:11
C110,2025-02-04,19263,9967,0.28,00:09:38
C107,2025-02-04,23941,9449,0.28,00:06:31
C102,2025-02-04,12302,7893,0.18,00:08:49
C112,2025-02-05,11064,7308,0.4,00:02:51
C102,2025-02-05,9212,3893,0.15,00:06:02
C106,2025-02-05,12197,4205,0.37,00:06:31
C101,2025-02-05,11178,3629,0.15,00:07:12
C105,2025-02-05,25010,7725,0.28,00:02:33
C107,2025-02-05,15462,4814,0.3,00:03:20
C110,2025-02-05,27541,8166,0.49,00:04:29
C111,2025-02-05,4793,2092,0.23,00:05:01
C108,2025-02-05,8852,6374,0.34,00:09:48
C104,2025-02-05,12499,8601,0.41,00:04:32
C112,2025-02-06,24336,7945,0.25,00:05:50
C109,2025-02-06,7043,3440,0.39,00:04:04
C105,2025-02-06,5287,3597,0.36,00:05:19
C111,2025-02-06,15666,8760,0.27,00:05:10
C106,2025-02-06,28552,8209,0.25,00:06:26
C103,2025-02-06,5236,2240,0.4,00:08:08
C101,2025-02-06,16007,5707,0.42,00:06:42
C107,2025-02-06,23620,7167,0.14,00:08:16
C102,2025-02-06,11469,4099,0.49,00:04:44
C113,2025-02-06,16557,6389,0.24,00:03:46
C111,2025-02-07,7539,2353,0.14,00:06:36
C109,2025-02-07,12434,5675,0.3,00:05:43
C113,2025-02-07,12533,7364,0.12,00:05:20
C105,2025-02-07,9960,3957,0.2,00:03:44
C112,2025-02-07,6425,3029,0.46,00:07:52
C104,2025-02-07,13976,9936,0.26,00:04:22
C107,2025-02-07,9302,3088,0.17,00:02:55
C103,2025-02-07,9661,6371,0.5,00:07:29
C101,2025-02-07,10731,5028,0.18,00:08:59
C106,2025-02-07,17553,5511,0.19,00:09:13
C102,2025-02-08,16602,6180,0.32,00:07:42
C104,2025-02-08,5974,3005,0.23,00:04:40
C113,2025-02-08,15125,4791,0.49,00:04:49
C110,2025-02-08,6036,2911,0.1,00:04:21
C101,2025-02-08,20407,8007,0.19,00:03:32
C108,2025-02-08,16837,7130,0.11,00:09:58
C105,2025-02-08,26713,8222,0.47,00:07:06
C112,2025-02-08,16195,8724,0.38,00:07:02
C106,2025-02-08,17935,8306,0.41,00:08:07
C107,2025-02-08,15091,9772,0.11,00:03:15
C107,2025-02-09,12717,5258,0.36,00:06:14
C108,2025-02-09,8707,5080,0.27,00:04:32
C101,2025-02-09,7657,2347,0.19,00:04:57
C104,2025-02-09,31992,9928,0.33,00:05:20
C102,2025-02-09,9207,4508,0.23,00:09:14
C106,2025-02-09,7674,3409,0.23,00:04:04
C112,2025-02-09,6274,2560,0.39,00:04:54
C111,2025-02-09,25447,8159,0.34,00:04:52
C105,2025-02-09,3343,1620,0.24,00:07:27
C110,2025-02-09,18708,7238,0.14,00:06:25
C111,2025-02-10,9556,3571,0.21,00:07:59
C103,2025-02-10,8375,4456,0.44,00:09:35
C104,2025-02-10,9964,3837,0.42,00:05:07
C101,2025-02-10,12989,7824,0.4,00:07:07
C113,2025-02-10,31995,9267,0.36,00:06:33
C107,2025-02-10,4059,2827,0.17,00:06:00
C105,2025-02-10,23457,9172,0.42,00:09:58
C109,2025-02-10,6637,2611,0.32,00:04:56
C110,2025-02-10,11235,7088,0.32,00:04:07
C102,2025-02-10,4726,1588,0.48,00:08:10
C106,2025-02-11,3286,1615,0.43,00:03:07
C104,2025-02-11,28231,8659,0.49,00:03:33
C107,2025-02-11,10525,6935,0.21,00:07:46
C113,2025-02-11,7316,2171,0.11,00:07:44
C102,2025-02-11,13559,4652,0.17,00:07:40
C110,2025-02-11,19380,8898,0.32,00:07:32
C111,2025-02-11,9881,6495,0.45,00:03:58
C112,2025-02-11,18920,8909,0.4,00:06:09
C109,2025-02-11,13482,9514,0.13,00:04:53
C108,2025-02-11,32814,9807,0.28,00:04:11
C103,2025-02-12,21978,8666,0.41,00:06:23
C107,2025-02-12,15234,7724,0.3,00:03:36
C102,2025-02-12,22797,7401,0.24,00:06:32
C111,2025-02-12,23849,7956,0.22,00:06:16
C106,2025-02-12,13148,8377,0.11,00:04:37
C101,2025-02-12,2558,1028,0.44,00:08:05
C113,2025-02-12,9411,3217,0.36,00:06:19
C104,2025-02-12,9378,5023,0.44,00:07:18
C108,2025-02-12,5756,2314,0.39,00:06:41
C112,2025-02-12,20246,8034,0.44,00:05:39
C102,2025-02-13,23648,8037,0.34,00:08:56
C113,2025-02-13,4644,3194,0.28,00:09:22
C101,2025-02-13,9802,4162,0.41,00:05:54
C111,2025-02-13,2133,1332,0.43,00:04:44
C110,2025-02-13,2668,1071,0.43,00:04:57
C108,2025-02-13,5355,1899,0.48,00:08:16
C105,2025-02-13,7986,5011,0.27,00:03:53
C109,2025-02-13,13641,6136,0.32,00:03:32
C112,2025-02-13,19191,6643,0.49,00:09:40
C103,2025-02-13,4398,1984,0.43,00:02:50
C106,2025-02-13,14733,6858,0.35,00:05:51
C109,2025-02-14,13658,9972,0.18,00:08:44
C110,2025-02-14,18776,6402,0.14,00:09:57
C104,2025-02-14,10121,5004,0.24,00:04:39
C101,2025-02-14,20612,6451,0.26,00:07:14
C102,2025-02-14,7140,2088,0.47,00:08:19
C108,2025-02-14,15256,6774,0.12,00:05:18
C105,2025-02-14,8006,3225,0.4,00:09:42
C111,2025-02-14,4177,1433,0.41,00:08:32
C113,2025-02-14,12709,6677,0.11,00:06:20
C112,2025-02-14,19642,7049,0.24,00:07:38
C107,2025-02-14,5859,3157,0.49,00:09:09
C104,2025-02-15,3127,1938,0.41,00:08:33
C101,2025-02-15,5033,2849,0.46,00:03:57
C105,2025-02-15,24523,7880,0.35,00:04:41
C111,2025-02-15,2510,1273,0.45,00:08:26
C112,2025-02-15,13191,6003,0.42,00:06:16
C108,2025-02-15,15993,9306,0.32,00:06:13
C106,2025-02-15,3843,1189,0.29,00:06:56
C102,2025-02-15,30459,9363,0.47,00:07:12
C107,2025-02-15,9835,4375,0.22,00:05:40
C110,2025-02-15,3292,1813,0.2,00:03:30
C113,2025-02-15,11698,8352,0.17,00:04:05
C104,2025-02-16,7637,2768,0.25,00:02:31
C111,2025-02-16,15418,8064,0.16,00:03:56
C105,2025-02-16,21182,8456,0.14,00:07:17
C108,2025-02-16,16316,8356,0.34,00:02:23
C113,2025-02-16,19923,7428,0.4,00:09:25
C110,2025-02-16,8085,3568,0.21,00:08:08
C106,2025-02-16,4790,3579,0.14,00:06:17
C101,2025-02-16,19486,7329,0.14,00:04:36
C112,2025-02-16,5504,2874,0.31,00:08:33
C109,2025-02-16,12918,5462,0.41,00:04:40
C107,2025-02-16,16233,7876,0.15,00:08:45
C101,2025-02-17,21760,7431,0.31,00:09:25
C112,2025-02-17,11422,4265,0.26,00:02:52
C109,2025-02-17,16097,7840,0.17,00:04:48
C111,2025-02-17,10647,5405,0.24,00:05:50
C102,2025-02-17,8278,3808,0.48,00:06:26
C107,2025-02-17,15275,4533,0.44,00:03:33
C104,2025-02-17,11081,8489,0.24,00:08:30
C103,2025-02-17,5888,2678,0.43,00:06:08
C110,2025-02-17,9082,4415,0.17,00:08:43
C108,2025-02-17,20185,5815,0.33,00:06:45
C113,2025-02-17,25239,7456,0.23,00:08:09
C108,2025-02-18,11171,5073,0.35,00:05:09
C101,2025-02-18,3603,1036,0.2,00:05:50
C102,2025-02-18,4565,2986,0.41,00:09:11
C105,2025-02-18,3533,1354,0.25,00:07:52
C107,2025-02-18,5886,2281,0.27,00:04:08
C106,2025-02-18,11970,3789,0.21,00:08:01
C113,2025-02-18,13224,3831,0.46,00:09:57
C109,2025-02-18,16539,9383,0.23,00:03:07
C112,2025-02-18,19911,7325,0.18,00:09:06
C111,2025-02-18,8174,2579,0.19,00:05:51
C110,2025-02-18,5260,1972,0.29,00:06:47
C101,2025-02-19,14065,7026,0.17,00:02:35
C111,2025-02-19,9436,4270,0.26,00:08:52
C108,2025-02-19,16813,6682,0.46,00:08:19
C105,2025-02-19,22636,8431,0.46,00:08:44
C103,2025-02-19,10470,3492,0.15,00:06:27
C107,2025-02-19,8115,2844,0.39,00:07:45
C112,2025-02-19,11204,8257,0.23,00:02:05
C102,2025-02-19,7301,2969,0.22,00:05:18
C113,2025-02-19,7175,3264,0.3,00:07:15
C110,2025-02-19,2707,1169,0.17,00:07:57
C104,2025-02-19,10297,6166,0.4,00:05:49
C104,2025-02-20,20528,6407,0.27,00:03:06
C111,2025-02-20,5176,2130,0.27,00:03:00
C109,2025-02-20,17404,7087,0.47,00:04:14
C106,2025-02-20,12295,8216,0.14,00:05:47
C112,2025-02-20,14016,4038,0.41,00:07:52
C108,2025-02-20,21621,8263,0.38,00:05:51
C107,2025-02-20,8322,2508,0.16,00:08:27
C110,2025-02-20,8771,2765,0.34,00:05:35
C113,2025-02-20,10343,6108,0.15,00:03:01
C103,2025-02-20,11814,3823,0.4,00:07:13
C103,2025-02-21,9385,4935,0.44,00:05:51
C102,2025-02-21,10882,7952,0.26,00:06:05
C110,2025-02-21,16423,8772,0.21,00:07:34
C106,2025-02-21,24529,8646,0.5,00:06:26
C109,2025-02-21,16349,5313,0.46,00:05:29
C107,2025-02-21,3210,1318,0.48,00:10:00
C104,2025-02-21,24467,8823,0.3,00:08:08
C111,2025-02-21,26847,9024,0.34,00:05:06
C101,2025-02-21,8872,5420,0.42,00:05:11
C108,2025-02-21,12049,5226,0.18,00:02:48
C105,2025-02-22,6001,2497,0.47,00:02:57
C112,2025-02-22,3554,2582,0.16,00:08:19
C108,2025-02-22,4521,1937,0.44,00:04:39
C111,2025-02-22,3652,1690,0.17,00:02:52
C113,2025-02-22,20106,7006,0.29,00:09:17
C109,2025-02-22,10593,4456,0.2,00:04:21
C103,2025-02-22,13096,3987,0.25,00:08:46
C102,2025-02-22,12540,6671,0.46,00:08:03
C107,2025-02-22,18687,8495,0.46,00:09:55
C110,2025-02-22,17709,5193,0.22,00:03:16
C106,2025-02-22,3382,1397,0.15,00:09:21
C110,2025-02-23,20326,6233,0.45,00:07:06
C102,2025-02-23,6555,2155,0.39,00:09:13
C109,2025-02-23,15084,4547,0.15,00:04:49
C105,2025-02-23,10285,5047,0.34,00:02:34
C107,2025-02-23,18258,7868,0.43,00:02:15
C113,2025-02-23,4941,3527,0.45,00:08:45
C104,2025-02-23,4751,1621,0.31,00:08:49
C103,2025-02-23,19015,8551,0.32,00:02:36
C101,2025-02-23,3562,1689,0.44,00:04:19
C111,2025-02-23,6614,2252,0.42,00:07:12
C108,2025-02-23,7845,3732,0.17,00:04:48
C109,2025-02-24,13124,5312,0.3,00:02:43
C105,2025-02-24,10768,3853,0.1,00:02:29
C104,2025-02-24,15670,8767,0.31,00:02:25
C101,2025-02-24,6563,2203,0.38,00:08:01
C102,2025-02-24,6836,3760,0.36,00:03:05
C112,2025-02-24,3304,1005,0.31,00:08:37
C103,2025-02-24,26956,8235,0.41,00:08:39
C108,2025-02-24,10157,3606,0.31,00:06:40
C113,2025-02-24,22455,7244,0.31,00:07:05
C111,2025-02-24,3383,1391,0.14,00:08:33
C107,2025-02-24,16309,5770,0.38,00:05:01
C105,2025-02-25,10475,6936,0.44,00:07:38
C109,2025-02-25,14557,6962,0.18,00:02:19
C110,2025-02-25,20878,9656,0.27,00:08:57
C112,2025-02-25,15455,7885,0.22,00:08:58
C113,2025-02-25,12606,7629,0.24,00:06:56
C111,2025-02-25,7331,2646,0.43,00:06:52
C101,2025-02-25,4049,2553,0.46,00:02:40
C107,2025-02-25,9789,7194,0.26,00:05:02
C103,2025-02-25,4931,3633,0.23,00:07:57
C108,2025-02-25,13082,4068,0.37,00:02:06
C106,2025-02-25,18540,7471,0.24,00:09:50
C101,2025-02-26,5278,2710,0.39,00:04:40
C110,2025-02-26,12138,7438,0.28,00:05:03
C112,2025-02-26,16618,5214,0.17,00:05:48
C106,2025-02-26,5802,2377,0.34,00:03:19
C111,2025-02-26,7453,3187,0.39,00:04:29
C104,2025-02-26,18022,6684,0.14,00:06:29
C107,2025-02-26,20297,7465,0.17,00:07:09
C102,2025-02-26,7498,2754,0.18,00:07:43
C105,2025-02-26,13797,4245,0.35,00:07:24
C103,2025-02-26,24730,7380,0.1,00:02:53
C109,2025-02-26,10330,3555,0.14,00:05:07
C111,2025-02-27,31060,9650,0.13,00:08:17
C113,2025-02-27,8484,3655,0.38,00:06:26
C102,2025-02-27,22489,9146,0.35,00:05:39
C101,2025-02-27,6795,3877,0.1,00:02:41
C108,2025-02-27,17757,5212,0.49,00:08:16
C109,2025-02-27,8238,4626,0.36,00:03:49
C104,2025-02-27,18927,5434,0.45,00:06:29
C112,2025-02-27,20602,9995,0.19,00:06:57
C106,2025-02-27,15537,5111,0.25,00:08:16
C107,2025-02-27,18805,8744,0.39,00:04:23
C105,2025-02-27,11328,5884,0.1,00:08:12
C105,2025-02-28,11986,7758,0.24,00:02:11
C101,2025-02-28,15807,6713,0.29,00:05:10
C106,2025-02-28,11734,7046,0.45,00:03:14
C110,2025-02-28,10235,7297,0.15,00:05:42
C107,2025-02-28,22915,7758,0.46,00:05:16
C109,2025-02-28,19971,7006,0.11,00:08:58
C112,2025-02-28,30544,9631,0.37,00:08:07
C102,2025-02-28,11934,5331,0.21,00:02:39
C113,2025-02-28,22400,9686,0.49,00:04:08
C103,2025-02-28,20426,8516,0.15,00:09:35
C111,2025-02-28,5307,2246,0.46,00:09:45
